n,schedule,chunk,threads_pedidas,threads_efetivas,repeticao,wall_time_s,prime_count,speedup,eficiencia,tempo_max_thread_s,tempo_min_thread_s,tempo_medio_thread_s,imbalance_ratio,total_work,work_max_thread,work_min_thread
100000000,seq,0,1,1,1,49.502023,5761455,1.000000,1.000000,49.502023,49.502023,49.502023,0.000000,23285621701,23285621701,23285621701
100000000,seq,0,1,1,2,48.896823,5761455,1.000000,1.000000,48.896823,48.896823,48.896823,0.000000,23285621701,23285621701,23285621701
100000000,seq,0,1,1,3,48.677650,5761455,1.000000,1.000000,48.677650,48.677650,48.677650,0.000000,23285621701,23285621701,23285621701
100000000,seq,0,1,1,4,48.668926,5761455,1.000000,1.000000,48.668926,48.668926,48.668926,0.000000,23285621701,23285621701,23285621701
100000000,seq,0,1,1,5,48.653215,5761455,1.000000,1.000000,48.653215,48.653215,48.653215,0.000000,23285621701,23285621701,23285621701
100000000,seq,0,1,1,6,48.654416,5761455,1.000000,1.000000,48.654416,48.654416,48.654416,0.000000,23285621701,23285621701,23285621701
100000000,seq,0,1,1,7,48.829607,5761455,1.000000,1.000000,48.829607,48.829607,48.829607,0.000000,23285621701,23285621701,23285621701
100000000,seq,0,1,1,8,48.703154,5761455,1.000000,1.000000,48.703154,48.703154,48.703154,0.000000,23285621701,23285621701,23285621701
100000000,seq,0,1,1,9,48.648310,5761455,1.000000,1.000000,48.648310,48.648310,48.648310,0.000000,23285621701,23285621701,23285621701
100000000,seq,0,1,1,10,48.663515,5761455,1.000000,1.000000,48.663515,48.663515,48.663515,0.000000,23285621701,23285621701,23285621701
100000000,dynamic,1,1,1,1,52.967546,5761455,,,52.967467,52.967467,52.967467,0.000000,23285621701,23285621701,23285621701
100000000,dynamic,1,1,1,2,54.728688,5761455,,,54.728645,54.728645,54.728645,0.000000,23285621701,23285621701,23285621701
100000000,dynamic,1,1,1,3,50.840318,5761455,,,50.840310,50.840310,50.840310,0.000000,23285621701,23285621701,23285621701
100000000,dynamic,1,1,1,4,49.462138,5761455,,,49.462095,49.462095,49.462095,0.000000,23285621701,23285621701,23285621701
100000000,dynamic,1,1,1,5,49.449091,5761455,,,49.449082,49.449082,49.449082,0.000000,23285621701,23285621701,23285621701
100000000,dynamic,1,1,1,6,49.433240,5761455,,,49.433233,49.433233,49.433233,0.000000,23285621701,23285621701,23285621701
100000000,dynamic,1,1,1,7,49.450646,5761455,,,49.450639,49.450639,49.450639,0.000000,23285621701,23285621701,23285621701
100000000,dynamic,1,1,1,8,49.419437,5761455,,,49.419428,49.419428,49.419428,0.000000,23285621701,23285621701,23285621701
100000000,dynamic,1,1,1,9,49.369822,5761455,,,49.369814,49.369814,49.369814,0.000000,23285621701,23285621701,23285621701
100000000,dynamic,1,1,1,10,49.435965,5761455,,,49.435957,49.435957,49.435957,0.000000,23285621701,23285621701,23285621701
100000000,dynamic,100,1,1,1,48.665492,5761455,,,48.665485,48.665485,48.665485,0.000000,23285621701,23285621701,23285621701
100000000,dynamic,100,1,1,2,48.745570,5761455,,,48.745561,48.745561,48.745561,0.000000,23285621701,23285621701,23285621701
100000000,dynamic,100,1,1,3,48.620721,5761455,,,48.620713,48.620713,48.620713,0.000000,23285621701,23285621701,23285621701
100000000,dynamic,100,1,1,4,48.678446,5761455,,,48.678437,48.678437,48.678437,0.000000,23285621701,23285621701,23285621701
100000000,dynamic,100,1,1,5,48.697468,5761455,,,48.697461,48.697461,48.697461,0.000000,23285621701,23285621701,23285621701
100000000,dynamic,100,1,1,6,48.678476,5761455,,,48.678470,48.678470,48.678470,0.000000,23285621701,23285621701,23285621701
100000000,dynamic,100,1,1,7,49.047409,5761455,,,49.047403,49.047403,49.047403,0.000000,23285621701,23285621701,23285621701
100000000,dynamic,100,1,1,8,48.683617,5761455,,,48.683611,48.683611,48.683611,0.000000,23285621701,23285621701,23285621701
100000000,dynamic,100,1,1,9,48.677287,5761455,,,48.677280,48.677280,48.677280,0.000000,23285621701,23285621701,23285621701
100000000,dynamic,100,1,1,10,48.793061,5761455,,,48.793053,48.793053,48.793053,0.000000,23285621701,23285621701,23285621701
100000000,dynamic,1000,1,1,1,48.684311,5761455,,,48.684304,48.684304,48.684304,0.000000,23285621701,23285621701,23285621701
100000000,dynamic,1000,1,1,2,48.787153,5761455,,,48.787144,48.787144,48.787144,0.000000,23285621701,23285621701,23285621701
100000000,dynamic,1000,1,1,3,48.632806,5761455,,,48.632797,48.632797,48.632797,0.000000,23285621701,23285621701,23285621701
100000000,dynamic,1000,1,1,4,48.716687,5761455,,,48.716678,48.716678,48.716678,0.000000,23285621701,23285621701,23285621701
100000000,dynamic,1000,1,1,5,48.649462,5761455,,,48.649452,48.649452,48.649452,0.000000,23285621701,23285621701,23285621701
100000000,dynamic,1000,1,1,6,48.616703,5761455,,,48.616694,48.616694,48.616694,0.000000,23285621701,23285621701,23285621701
100000000,dynamic,1000,1,1,7,48.631835,5761455,,,48.631826,48.631826,48.631826,0.000000,23285621701,23285621701,23285621701
100000000,dynamic,1000,1,1,8,48.728518,5761455,,,48.728479,48.728479,48.728479,0.000000,23285621701,23285621701,23285621701
100000000,dynamic,1000,1,1,9,48.630660,5761455,,,48.630652,48.630652,48.630652,0.000000,23285621701,23285621701,23285621701
100000000,dynamic,1000,1,1,10,48.573493,5761455,,,48.573485,48.573485,48.573485,0.000000,23285621701,23285621701,23285621701
100000000,dynamic,10000,1,1,1,48.635062,5761455,,,48.635055,48.635055,48.635055,0.000000,23285621701,23285621701,23285621701
100000000,dynamic,10000,1,1,2,48.651879,5761455,,,48.651872,48.651872,48.651872,0.000000,23285621701,23285621701,23285621701
100000000,dynamic,10000,1,1,3,48.627238,5761455,,,48.627230,48.627230,48.627230,0.000000,23285621701,23285621701,23285621701
100000000,dynamic,10000,1,1,4,48.640695,5761455,,,48.640688,48.640688,48.640688,0.000000,23285621701,23285621701,23285621701
100000000,dynamic,10000,1,1,5,48.645687,5761455,,,48.645680,48.645680,48.645680,0.000000,23285621701,23285621701,23285621701
100000000,dynamic,10000,1,1,6,48.658963,5761455,,,48.658956,48.658956,48.658956,0.000000,23285621701,23285621701,23285621701
100000000,dynamic,10000,1,1,7,48.586637,5761455,,,48.586629,48.586629,48.586629,0.000000,23285621701,23285621701,23285621701
100000000,dynamic,10000,1,1,8,48.522347,5761455,,,48.522339,48.522339,48.522339,0.000000,23285621701,23285621701,23285621701
100000000,dynamic,10000,1,1,9,48.628922,5761455,,,48.628916,48.628916,48.628916,0.000000,23285621701,23285621701,23285621701
100000000,dynamic,10000,1,1,10,48.598857,5761455,,,48.598849,48.598849,48.598849,0.000000,23285621701,23285621701,23285621701
100000000,guided,1,1,1,1,48.743887,5761455,,,48.743881,48.743881,48.743881,0.000000,23285621701,23285621701,23285621701
100000000,guided,1,1,1,2,48.686964,5761455,,,48.686958,48.686958,48.686958,0.000000,23285621701,23285621701,23285621701
100000000,guided,1,1,1,3,48.709224,5761455,,,48.709217,48.709217,48.709217,0.000000,23285621701,23285621701,23285621701
100000000,guided,1,1,1,4,48.688989,5761455,,,48.688975,48.688975,48.688975,0.000000,23285621701,23285621701,23285621701
100000000,guided,1,1,1,5,48.659028,5761455,,,48.659020,48.659020,48.659020,0.000000,23285621701,23285621701,23285621701
100000000,guided,1,1,1,6,48.619336,5761455,,,48.619328,48.619328,48.619328,0.000000,23285621701,23285621701,23285621701
100000000,guided,1,1,1,7,48.704527,5761455,,,48.704518,48.704518,48.704518,0.000000,23285621701,23285621701,23285621701
100000000,guided,1,1,1,8,48.640874,5761455,,,48.640866,48.640866,48.640866,0.000000,23285621701,23285621701,23285621701
100000000,guided,1,1,1,9,48.600907,5761455,,,48.600899,48.600899,48.600899,0.000000,23285621701,23285621701,23285621701
100000000,guided,1,1,1,10,48.676317,5761455,,,48.676308,48.676308,48.676308,0.000000,23285621701,23285621701,23285621701
100000000,guided,100,1,1,1,48.649260,5761455,,,48.649253,48.649253,48.649253,0.000000,23285621701,23285621701,23285621701
100000000,guided,100,1,1,2,48.651828,5761455,,,48.651812,48.651812,48.651812,0.000000,23285621701,23285621701,23285621701
100000000,guided,100,1,1,3,48.748828,5761455,,,48.748819,48.748819,48.748819,0.000000,23285621701,23285621701,23285621701
100000000,guided,100,1,1,4,48.691519,5761455,,,48.691511,48.691511,48.691511,0.000000,23285621701,23285621701,23285621701
100000000,guided,100,1,1,5,48.584473,5761455,,,48.584466,48.584466,48.584466,0.000000,23285621701,23285621701,23285621701
100000000,guided,100,1,1,6,48.679207,5761455,,,48.679202,48.679202,48.679202,0.000000,23285621701,23285621701,23285621701
100000000,guided,100,1,1,7,48.724959,5761455,,,48.724952,48.724952,48.724952,0.000000,23285621701,23285621701,23285621701
100000000,guided,100,1,1,8,48.677211,5761455,,,48.677203,48.677203,48.677203,0.000000,23285621701,23285621701,23285621701
100000000,guided,100,1,1,9,48.707439,5761455,,,48.707433,48.707433,48.707433,0.000000,23285621701,23285621701,23285621701
100000000,guided,100,1,1,10,48.615951,5761455,,,48.615944,48.615944,48.615944,0.000000,23285621701,23285621701,23285621701
100000000,guided,1000,1,1,1,48.674434,5761455,,,48.674426,48.674426,48.674426,0.000000,23285621701,23285621701,23285621701
100000000,guided,1000,1,1,2,48.684901,5761455,,,48.684894,48.684894,48.684894,0.000000,23285621701,23285621701,23285621701
100000000,guided,1000,1,1,3,48.672919,5761455,,,48.672879,48.672879,48.672879,0.000000,23285621701,23285621701,23285621701
100000000,guided,1000,1,1,4,48.693981,5761455,,,48.693972,48.693972,48.693972,0.000000,23285621701,23285621701,23285621701
100000000,guided,1000,1,1,5,48.727994,5761455,,,48.727987,48.727987,48.727987,0.000000,23285621701,23285621701,23285621701
100000000,guided,1000,1,1,6,48.642746,5761455,,,48.642706,48.642706,48.642706,0.000000,23285621701,23285621701,23285621701
100000000,guided,1000,1,1,7,48.605039,5761455,,,48.605004,48.605004,48.605004,0.000000,23285621701,23285621701,23285621701
100000000,guided,1000,1,1,8,48.633324,5761455,,,48.633318,48.633318,48.633318,0.000000,23285621701,23285621701,23285621701
100000000,guided,1000,1,1,9,48.718265,5761455,,,48.718257,48.718257,48.718257,0.000000,23285621701,23285621701,23285621701
100000000,guided,1000,1,1,10,48.764533,5761455,,,48.764526,48.764526,48.764526,0.000000,23285621701,23285621701,23285621701
100000000,guided,10000,1,1,1,48.871474,5761455,,,48.871467,48.871467,48.871467,0.000000,23285621701,23285621701,23285621701
100000000,guided,10000,1,1,2,48.804101,5761455,,,48.804092,48.804092,48.804092,0.000000,23285621701,23285621701,23285621701
100000000,guided,10000,1,1,3,48.722803,5761455,,,48.722794,48.722794,48.722794,0.000000,23285621701,23285621701,23285621701
100000000,guided,10000,1,1,4,48.684199,5761455,,,48.684192,48.684192,48.684192,0.000000,23285621701,23285621701,23285621701
100000000,guided,10000,1,1,5,48.684528,5761455,,,48.684520,48.684520,48.684520,0.000000,23285621701,23285621701,23285621701
100000000,guided,10000,1,1,6,48.666033,5761455,,,48.666024,48.666024,48.666024,0.000000,23285621701,23285621701,23285621701
100000000,guided,10000,1,1,7,48.722224,5761455,,,48.722218,48.722218,48.722218,0.000000,23285621701,23285621701,23285621701
100000000,guided,10000,1,1,8,48.727385,5761455,,,48.727378,48.727378,48.727378,0.000000,23285621701,23285621701,23285621701
100000000,guided,10000,1,1,9,48.716247,5761455,,,48.716240,48.716240,48.716240,0.000000,23285621701,23285621701,23285621701
100000000,guided,10000,1,1,10,48.624674,5761455,,,48.624666,48.624666,48.624666,0.000000,23285621701,23285621701,23285621701
100000000,static,1,1,1,1,48.643047,5761455,,,48.643040,48.643040,48.643040,0.000000,23285621701,23285621701,23285621701
100000000,static,1,1,1,2,48.719001,5761455,,,48.718992,48.718992,48.718992,0.000000,23285621701,23285621701,23285621701
100000000,static,1,1,1,3,48.693524,5761455,,,48.693517,48.693517,48.693517,0.000000,23285621701,23285621701,23285621701
100000000,static,1,1,1,4,48.748548,5761455,,,48.748541,48.748541,48.748541,0.000000,23285621701,23285621701,23285621701
100000000,static,1,1,1,5,48.647361,5761455,,,48.647354,48.647354,48.647354,0.000000,23285621701,23285621701,23285621701
100000000,static,1,1,1,6,48.603354,5761455,,,48.603345,48.603345,48.603345,0.000000,23285621701,23285621701,23285621701
100000000,static,1,1,1,7,48.656623,5761455,,,48.656615,48.656615,48.656615,0.000000,23285621701,23285621701,23285621701
100000000,static,1,1,1,8,48.670824,5761455,,,48.670816,48.670816,48.670816,0.000000,23285621701,23285621701,23285621701
100000000,static,1,1,1,9,48.660400,5761455,,,48.660393,48.660393,48.660393,0.000000,23285621701,23285621701,23285621701
100000000,static,1,1,1,10,48.658407,5761455,,,48.658401,48.658401,48.658401,0.000000,23285621701,23285621701,23285621701
100000000,static,100,1,1,1,48.619732,5761455,,,48.619727,48.619727,48.619727,0.000000,23285621701,23285621701,23285621701
100000000,static,100,1,1,2,48.705344,5761455,,,48.705337,48.705337,48.705337,0.000000,23285621701,23285621701,23285621701
100000000,static,100,1,1,3,48.706145,5761455,,,48.706136,48.706136,48.706136,0.000000,23285621701,23285621701,23285621701
100000000,static,100,1,1,4,48.684674,5761455,,,48.684668,48.684668,48.684668,0.000000,23285621701,23285621701,23285621701
100000000,static,100,1,1,5,48.632818,5761455,,,48.632813,48.632813,48.632813,0.000000,23285621701,23285621701,23285621701
100000000,static,100,1,1,6,48.700839,5761455,,,48.700832,48.700832,48.700832,0.000000,23285621701,23285621701,23285621701
100000000,static,100,1,1,7,48.642333,5761455,,,48.642326,48.642326,48.642326,0.000000,23285621701,23285621701,23285621701
100000000,static,100,1,1,8,48.658002,5761455,,,48.657995,48.657995,48.657995,0.000000,23285621701,23285621701,23285621701
100000000,static,100,1,1,9,48.628418,5761455,,,48.628412,48.628412,48.628412,0.000000,23285621701,23285621701,23285621701
100000000,static,100,1,1,10,48.638552,5761455,,,48.638545,48.638545,48.638545,0.000000,23285621701,23285621701,23285621701
100000000,static,1000,1,1,1,48.633956,5761455,,,48.633950,48.633950,48.633950,0.000000,23285621701,23285621701,23285621701
100000000,static,1000,1,1,2,48.675539,5761455,,,48.675533,48.675533,48.675533,0.000000,23285621701,23285621701,23285621701
100000000,static,1000,1,1,3,48.768884,5761455,,,48.768877,48.768877,48.768877,0.000000,23285621701,23285621701,23285621701
100000000,static,1000,1,1,4,48.611439,5761455,,,48.611430,48.611430,48.611430,0.000000,23285621701,23285621701,23285621701
100000000,static,1000,1,1,5,48.525610,5761455,,,48.525602,48.525602,48.525602,0.000000,23285621701,23285621701,23285621701
100000000,static,1000,1,1,6,48.718038,5761455,,,48.718030,48.718030,48.718030,0.000000,23285621701,23285621701,23285621701
100000000,static,1000,1,1,7,48.664552,5761455,,,48.664546,48.664546,48.664546,0.000000,23285621701,23285621701,23285621701
100000000,static,1000,1,1,8,48.826789,5761455,,,48.826782,48.826782,48.826782,0.000000,23285621701,23285621701,23285621701
100000000,static,1000,1,1,9,48.703352,5761455,,,48.703345,48.703345,48.703345,0.000000,23285621701,23285621701,23285621701
100000000,static,1000,1,1,10,48.626033,5761455,,,48.626027,48.626027,48.626027,0.000000,23285621701,23285621701,23285621701
100000000,static,10000,1,1,1,48.627534,5761455,,,48.627527,48.627527,48.627527,0.000000,23285621701,23285621701,23285621701
100000000,static,10000,1,1,2,48.628305,5761455,,,48.628297,48.628297,48.628297,0.000000,23285621701,23285621701,23285621701
100000000,static,10000,1,1,3,48.638416,5761455,,,48.638408,48.638408,48.638408,0.000000,23285621701,23285621701,23285621701
100000000,static,10000,1,1,4,48.621413,5761455,,,48.621405,48.621405,48.621405,0.000000,23285621701,23285621701,23285621701
100000000,static,10000,1,1,5,48.673118,5761455,,,48.673112,48.673112,48.673112,0.000000,23285621701,23285621701,23285621701
100000000,static,10000,1,1,6,48.665822,5761455,,,48.665814,48.665814,48.665814,0.000000,23285621701,23285621701,23285621701
100000000,static,10000,1,1,7,48.626698,5761455,,,48.626690,48.626690,48.626690,0.000000,23285621701,23285621701,23285621701
100000000,static,10000,1,1,8,48.633441,5761455,,,48.633433,48.633433,48.633433,0.000000,23285621701,23285621701,23285621701
100000000,static,10000,1,1,9,48.594732,5761455,,,48.594724,48.594724,48.594724,0.000000,23285621701,23285621701,23285621701
100000000,static,10000,1,1,10,48.647222,5761455,,,48.647214,48.647214,48.647214,0.000000,23285621701,23285621701,23285621701
100000000,dynamic,1,2,2,1,27.205869,5761455,,,27.205667,27.205662,27.205665,0.000000,23285621701,11644594948,11641026753
100000000,dynamic,1,2,2,2,28.860563,5761455,,,28.860560,28.860552,28.860556,0.000000,23285621701,11645008537,11640613164
100000000,dynamic,1,2,2,3,30.234883,5761455,,,30.234881,30.234872,30.234876,0.000000,23285621701,11643096087,11642525614
100000000,dynamic,1,2,2,4,28.659502,5761455,,,28.659500,28.659491,28.659495,0.000000,23285621701,11647656290,11637965411
100000000,dynamic,1,2,2,5,27.985897,5761455,,,27.985890,27.985889,27.985890,0.000000,23285621701,11646517210,11639104491
100000000,dynamic,1,2,2,6,30.547991,5761455,,,30.547985,30.547984,30.547985,0.000000,23285621701,11644886017,11640735684
100000000,dynamic,1,2,2,7,30.204545,5761455,,,30.204539,30.204539,30.204539,0.000000,23285621701,11643916188,11641705513
100000000,dynamic,1,2,2,8,27.739791,5761455,,,27.739785,27.739779,27.739782,0.000000,23285621701,11643846401,11641775300
100000000,dynamic,1,2,2,9,29.002180,5761455,,,29.002175,29.002168,29.002172,0.000000,23285621701,11646565834,11639055867
100000000,dynamic,1,2,2,10,28.965200,5761455,,,28.965195,28.965188,28.965191,0.000000,23285621701,11644869147,11640752554
100000000,dynamic,100,2,2,1,27.904700,5761455,,,27.904493,27.904457,27.904475,0.000001,23285621701,11649832866,11635788835
100000000,dynamic,100,2,2,2,28.877805,5761455,,,28.877803,28.877766,28.877784,0.000001,23285621701,11643633129,11641988572
100000000,dynamic,100,2,2,3,27.717955,5761455,,,27.717952,27.717904,27.717928,0.000001,23285621701,11644112515,11641509186
100000000,dynamic,100,2,2,4,29.480600,5761455,,,29.480594,29.480554,29.480574,0.000001,23285621701,11643066226,11642555475
100000000,dynamic,100,2,2,5,30.223834,5761455,,,30.223829,30.223790,30.223809,0.000001,23285621701,11651560368,11634061333
100000000,dynamic,100,2,2,6,28.110190,5761455,,,28.110184,28.110151,28.110168,0.000001,23285621701,11647185959,11638435742
100000000,dynamic,100,2,2,7,27.439729,5761455,,,27.439723,27.439722,27.439722,0.000000,23285621701,11649977685,11635644016
100000000,dynamic,100,2,2,8,28.870542,5761455,,,28.870539,28.870535,28.870537,0.000000,23285621701,11644129668,11641492033
100000000,dynamic,100,2,2,9,29.198000,5761455,,,29.197992,29.197973,29.197983,0.000000,23285621701,11647679855,11637941846
100000000,dynamic,100,2,2,10,28.359544,5761455,,,28.359538,28.359499,28.359519,0.000001,23285621701,11644228998,11641392703
100000000,dynamic,1000,2,2,1,28.322828,5761455,,,28.322595,28.321934,28.322265,0.000012,23285621701,11649201827,11636419874
100000000,dynamic,1000,2,2,2,28.891198,5761455,,,28.891194,28.890530,28.890862,0.000011,23285621701,11646060332,11639561369
100000000,dynamic,1000,2,2,3,29.600932,5761455,,,29.600927,29.600465,29.600696,0.000008,23285621701,11644967953,11640653748
100000000,dynamic,1000,2,2,4,28.583662,5761455,,,28.583645,28.582641,28.583143,0.000018,23285621701,11643876802,11641744899
100000000,dynamic,1000,2,2,5,27.780186,5761455,,,27.780184,27.779486,27.779835,0.000013,23285621701,11652154383,11633467318
100000000,dynamic,1000,2,2,6,26.299272,5761455,,,26.299270,26.298619,26.298944,0.000012,23285621701,11665381143,11620240558
100000000,dynamic,1000,2,2,7,28.610624,5761455,,,28.610619,28.609952,28.610285,0.000012,23285621701,11645614121,11640007580
100000000,dynamic,1000,2,2,8,29.791721,5761455,,,29.791719,29.791047,29.791383,0.000011,23285621701,11649686833,11635934868
100000000,dynamic,1000,2,2,9,28.003836,5761455,,,28.003833,28.003690,28.003762,0.000003,23285621701,11648407183,11637214518
100000000,dynamic,1000,2,2,10,27.683117,5761455,,,27.683115,27.682766,27.682940,0.000006,23285621701,11644611620,11641010081
100000000,dynamic,10000,2,2,1,28.414022,5761455,,,28.413875,28.413833,28.413854,0.000001,23285621701,11648139435,11637482266
100000000,dynamic,10000,2,2,2,30.081989,5761455,,,30.081986,30.080512,30.081249,0.000025,23285621701,11648989885,11636631816
100000000,dynamic,10000,2,2,3,27.969712,5761455,,,27.969705,27.966692,27.968199,0.000054,23285621701,11654430424,11631191277
100000000,dynamic,10000,2,2,4,27.070507,5761455,,,27.070505,27.068621,27.069563,0.000035,23285621701,11646427481,11639194220
100000000,dynamic,10000,2,2,5,27.893585,5761455,,,27.893579,27.892921,27.893250,0.000012,23285621701,11648330493,11637291208
100000000,dynamic,10000,2,2,6,29.480631,5761455,,,29.480626,29.479987,29.480307,0.000011,23285621701,11647857656,11637764045
100000000,dynamic,10000,2,2,7,27.744813,5761455,,,27.744810,27.741489,27.743149,0.000060,23285621701,11645284394,11640337307
100000000,dynamic,10000,2,2,8,29.173521,5761455,,,29.173515,29.171462,29.172489,0.000035,23285621701,11646585346,11639036355
100000000,dynamic,10000,2,2,9,28.352451,5761455,,,28.352448,28.350103,28.351275,0.000041,23285621701,11649470073,11636151628
100000000,dynamic,10000,2,2,10,28.891503,5761455,,,28.891501,28.888992,28.890246,0.000043,23285621701,11650299484,11635322217
100000000,guided,1,2,2,1,28.624978,5761455,,,28.624779,28.624778,28.624778,0.000000,23285621701,11666073707,11619547994
100000000,guided,1,2,2,2,28.468169,5761455,,,28.468166,28.468165,28.468165,0.000000,23285621701,11652258794,11633362907
100000000,guided,1,2,2,3,28.747516,5761455,,,28.747510,28.747508,28.747509,0.000000,23285621701,11652608599,11633013102
100000000,guided,1,2,2,4,29.113287,5761455,,,29.113282,29.113177,29.113229,0.000002,23285621701,11664959856,11620661845
100000000,guided,1,2,2,5,30.547451,5761455,,,30.547448,30.547403,30.547426,0.000001,23285621701,11664745566,11620876135
100000000,guided,1,2,2,6,28.607446,5761455,,,28.607440,28.607434,28.607437,0.000000,23285621701,11654641655,11630980046
100000000,guided,1,2,2,7,29.336445,5761455,,,29.336439,29.336439,29.336439,0.000000,23285621701,11654873203,11630748498
100000000,guided,1,2,2,8,29.441972,5761455,,,29.441969,29.441957,29.441963,0.000000,23285621701,11656286991,11629334710
100000000,guided,1,2,2,9,29.524319,5761455,,,29.524316,29.524314,29.524315,0.000000,23285621701,11648745716,11636875985
100000000,guided,1,2,2,10,27.263862,5761455,,,27.263860,27.263855,27.263857,0.000000,23285621701,11656981829,11628639872
100000000,guided,100,2,2,1,28.368582,5761455,,,28.368421,28.368383,28.368402,0.000001,23285621701,11651665225,11633956476
100000000,guided,100,2,2,2,29.325179,5761455,,,29.325174,29.325135,29.325154,0.000001,23285621701,11651618781,11634002920
100000000,guided,100,2,2,3,30.408193,5761455,,,30.408188,30.408131,30.408159,0.000001,23285621701,11669074089,11616547612
100000000,guided,100,2,2,4,29.267648,5761455,,,29.267646,29.267622,29.267634,0.000000,23285621701,11661042144,11624579557
100000000,guided,100,2,2,5,29.137093,5761455,,,29.137087,29.137086,29.137086,0.000000,23285621701,11654113558,11631508143
100000000,guided,100,2,2,6,29.900732,5761455,,,29.900730,29.900460,29.900595,0.000005,23285621701,11657956733,11627664968
100000000,guided,100,2,2,7,28.923607,5761455,,,28.923600,28.923555,28.923577,0.000001,23285621701,11666856576,11618765125
100000000,guided,100,2,2,8,26.847916,5761455,,,26.847910,26.847863,26.847887,0.000001,23285621701,11648327469,11637294232
100000000,guided,100,2,2,9,27.333495,5761455,,,27.333492,27.333461,27.333477,0.000001,23285621701,11649918548,11635703153
100000000,guided,100,2,2,10,27.099101,5761455,,,27.099096,27.099051,27.099074,0.000001,23285621701,11655744543,11629877158
100000000,guided,1000,2,2,1,29.509480,5761455,,,29.509246,29.509021,29.509134,0.000004,23285621701,11656826508,11628795193
100000000,guided,1000,2,2,2,29.481172,5761455,,,29.481169,29.480859,29.481014,0.000005,23285621701,11659313128,11626308573
100000000,guided,1000,2,2,3,28.907876,5761455,,,28.907870,28.907665,28.907768,0.000004,23285621701,11653641731,11631979970
100000000,guided,1000,2,2,4,28.371146,5761455,,,28.371144,28.370954,28.371049,0.000003,23285621701,11658824080,11626797621
100000000,guided,1000,2,2,5,29.772022,5761455,,,29.772020,29.771820,29.771920,0.000003,23285621701,11660042183,11625579518
100000000,guided,1000,2,2,6,28.640628,5761455,,,28.640625,28.640467,28.640546,0.000003,23285621701,11654991389,11630630312
100000000,guided,1000,2,2,7,26.222552,5761455,,,26.222546,26.222529,26.222537,0.000000,23285621701,11651068132,11634553569
100000000,guided,1000,2,2,8,26.730620,5761455,,,26.730615,26.730615,26.730615,0.000000,23285621701,11650368201,11635253500
100000000,guided,1000,2,2,9,27.471265,5761455,,,27.471260,27.471153,27.471207,0.000002,23285621701,11647518110,11638103591
100000000,guided,1000,2,2,10,29.801704,5761455,,,29.801701,29.801374,29.801537,0.000005,23285621701,11660827854,11624793847
100000000,guided,10000,2,2,1,27.839717,5761455,,,27.839575,27.839395,27.839485,0.000003,23285621701,11646388381,11639233320
100000000,guided,10000,2,2,2,28.832725,5761455,,,28.832721,28.831281,28.832001,0.000025,23285621701,11662875305,11622746396
100000000,guided,10000,2,2,3,28.437907,5761455,,,28.437904,28.435256,28.436580,0.000047,23285621701,11651473060,11634148641
100000000,guided,10000,2,2,4,30.425192,5761455,,,30.425190,30.424622,30.424906,0.000009,23285621701,11659525631,11626096070
100000000,guided,10000,2,2,5,27.278401,5761455,,,27.278399,27.277719,27.278059,0.000012,23285621701,11659525631,11626096070
100000000,guided,10000,2,2,6,27.151910,5761455,,,27.151904,27.146436,27.149170,0.000101,23285621701,11658209508,11627412193
100000000,guided,10000,2,2,7,28.465843,5761455,,,28.465840,28.460012,28.462926,0.000102,23285621701,11654158283,11631463418
100000000,guided,10000,2,2,8,29.768936,5761455,,,29.768934,29.768693,29.768813,0.000004,23285621701,11667070315,11618551386
100000000,guided,10000,2,2,9,27.957714,5761455,,,27.957711,27.957482,27.957596,0.000004,23285621701,11662210854,11623410847
100000000,guided,10000,2,2,10,28.010074,5761455,,,28.010072,28.009203,28.009638,0.000016,23285621701,11658209508,11627412193
100000000,static,1,2,2,1,48.827560,5761455,,,48.827217,0.173945,24.500581,0.992900,23285621701,23235621701,50000000
100000000,static,1,2,2,2,48.875704,5761455,,,48.875553,0.240584,24.558069,0.990203,23285621701,23235621701,50000000
100000000,static,1,2,2,3,49.115078,5761455,,,49.114932,0.181739,24.648336,0.992627,23285621701,23235621701,50000000
100000000,static,1,2,2,4,49.086111,5761455,,,49.085919,0.170842,24.628381,0.993063,23285621701,23235621701,50000000
100000000,static,1,2,2,5,49.216721,5761455,,,49.216541,0.181728,24.699135,0.992642,23285621701,23235621701,50000000
100000000,static,1,2,2,6,49.052401,5761455,,,49.052356,0.181965,24.617160,0.992608,23285621701,23235621701,50000000
100000000,static,1,2,2,7,48.965577,5761455,,,48.965427,0.171878,24.568653,0.993004,23285621701,23235621701,50000000
100000000,static,1,2,2,8,49.001649,5761455,,,49.001517,0.175733,24.588625,0.992853,23285621701,23235621701,50000000
100000000,static,1,2,2,9,48.983880,5761455,,,48.983792,0.186681,24.585237,0.992407,23285621701,23235621701,50000000
100000000,static,1,2,2,10,48.907576,5761455,,,48.907436,0.173902,24.540669,0.992914,23285621701,23235621701,50000000
100000000,static,100,2,2,1,27.925317,5761455,,,27.925161,27.922925,27.924043,0.000040,23285621701,11644476361,11641145340
100000000,static,100,2,2,2,29.368246,5761455,,,29.368240,29.359261,29.363751,0.000153,23285621701,11644476361,11641145340
100000000,static,100,2,2,3,27.997191,5761455,,,27.997176,27.980129,27.988652,0.000305,23285621701,11644476361,11641145340
100000000,static,100,2,2,4,27.957110,5761455,,,27.956993,27.911417,27.934205,0.000816,23285621701,11644476361,11641145340
100000000,static,100,2,2,5,26.583998,5761455,,,26.583993,26.574723,26.579358,0.000174,23285621701,11644476361,11641145340
100000000,static,100,2,2,6,27.170428,5761455,,,27.170408,27.152969,27.161689,0.000321,23285621701,11644476361,11641145340
100000000,static,100,2,2,7,27.660923,5761455,,,27.660871,27.638404,27.649637,0.000406,23285621701,11644476361,11641145340
100000000,static,100,2,2,8,26.702259,5761455,,,26.702145,26.657097,26.679621,0.000844,23285621701,11644476361,11641145340
100000000,static,100,2,2,9,27.459528,5761455,,,27.459512,27.430614,27.445063,0.000526,23285621701,11644476361,11641145340
100000000,static,100,2,2,10,28.583363,5761455,,,28.583201,28.565359,28.574280,0.000312,23285621701,11644476361,11641145340
100000000,static,1000,2,2,1,29.007280,5761455,,,29.007069,29.003149,29.005109,0.000068,23285621701,11642907021,11642714680
100000000,static,1000,2,2,2,28.834116,5761455,,,28.834099,28.798635,28.816367,0.000615,23285621701,11642907021,11642714680
100000000,static,1000,2,2,3,28.271149,5761455,,,28.271072,28.255330,28.263201,0.000278,23285621701,11642907021,11642714680
100000000,static,1000,2,2,4,26.197796,5761455,,,26.197793,26.189502,26.193648,0.000158,23285621701,11642907021,11642714680
100000000,static,1000,2,2,5,27.384593,5761455,,,27.384518,27.350416,27.367467,0.000623,23285621701,11642907021,11642714680
100000000,static,1000,2,2,6,27.925006,5761455,,,27.924984,27.899780,27.912382,0.000451,23285621701,11642907021,11642714680
100000000,static,1000,2,2,7,27.337751,5761455,,,27.337641,27.320811,27.329226,0.000308,23285621701,11642907021,11642714680
100000000,static,1000,2,2,8,28.177843,5761455,,,28.177668,28.136609,28.157139,0.000729,23285621701,11642907021,11642714680
100000000,static,1000,2,2,9,28.842877,5761455,,,28.842744,28.809184,28.825964,0.000582,23285621701,11642907021,11642714680
100000000,static,1000,2,2,10,28.859717,5761455,,,28.859654,28.832292,28.845973,0.000474,23285621701,11642907021,11642714680
100000000,static,10000,2,2,1,28.641350,5761455,,,28.641133,28.620482,28.630808,0.000361,23285621701,11644450838,11641170863
100000000,static,10000,2,2,2,28.261737,5761455,,,28.261718,28.217963,28.239840,0.000775,23285621701,11644450838,11641170863
100000000,static,10000,2,2,3,27.433981,5761455,,,27.433846,27.358517,27.396182,0.001375,23285621701,11644450838,11641170863
100000000,static,10000,2,2,4,27.499679,5761455,,,27.499663,27.449174,27.474418,0.000919,23285621701,11644450838,11641170863
100000000,static,10000,2,2,5,27.439904,5761455,,,27.439798,27.370866,27.405332,0.001258,23285621701,11644450838,11641170863
100000000,static,10000,2,2,6,25.964347,5761455,,,25.964344,25.956241,25.960292,0.000156,23285621701,11644450838,11641170863
100000000,static,10000,2,2,7,28.344189,5761455,,,28.344183,28.341586,28.342885,0.000046,23285621701,11644450838,11641170863
100000000,static,10000,2,2,8,29.006961,5761455,,,29.006884,28.981609,28.994247,0.000436,23285621701,11644450838,11641170863
100000000,static,10000,2,2,9,26.331708,5761455,,,26.331692,26.295616,26.313654,0.000685,23285621701,11644450838,11641170863
100000000,static,10000,2,2,10,26.459024,5761455,,,26.458944,26.280305,26.369625,0.003387,23285621701,11644450838,11641170863
100000000,dynamic,1,4,4,1,18.026274,5761455,,,18.025818,18.025799,18.025810,0.000000,23285621701,5868614176,5706130973
100000000,dynamic,1,4,4,2,18.308881,5761455,,,18.308878,18.308871,18.308874,0.000000,23285621701,5996973756,5650658423
100000000,dynamic,1,4,4,3,18.204636,5761455,,,18.204633,18.204626,18.204629,0.000000,23285621701,5970029464,5685027786
100000000,dynamic,1,4,4,4,18.120010,5761455,,,18.120007,18.119988,18.119995,0.000001,23285621701,6020460303,5675530102
100000000,dynamic,1,4,4,5,17.554393,5761455,,,17.554390,17.554383,17.554386,0.000000,23285621701,5914219389,5759283682
100000000,dynamic,1,4,4,6,17.616267,5761455,,,17.616265,17.616259,17.616261,0.000000,23285621701,5937808052,5771626030
100000000,dynamic,1,4,4,7,18.195419,5761455,,,18.195413,18.195409,18.195410,0.000000,23285621701,5912387446,5738650764
100000000,dynamic,1,4,4,8,17.781335,5761455,,,17.781333,17.781316,17.781326,0.000000,23285621701,5954685898,5740307881
100000000,dynamic,1,4,4,9,17.529933,5761455,,,17.529923,17.529913,17.529918,0.000000,23285621701,5924279080,5735490462
100000000,dynamic,1,4,4,10,18.277929,5761455,,,18.277926,18.277921,18.277922,0.000000,23285621701,5885351132,5790163857
100000000,dynamic,100,4,4,1,17.383730,5761455,,,17.383379,17.383326,17.383350,0.000002,23285621701,5871451198,5799675733
100000000,dynamic,100,4,4,2,17.786053,5761455,,,17.786049,17.786000,17.786022,0.000002,23285621701,5954522827,5593624389
100000000,dynamic,100,4,4,3,17.564752,5761455,,,17.564750,17.564728,17.564741,0.000000,23285621701,5916502032,5702283431
100000000,dynamic,100,4,4,4,17.418067,5761455,,,17.418064,17.417984,17.418027,0.000002,23285621701,5869623195,5748674419
100000000,dynamic,100,4,4,5,18.043257,5761455,,,18.043255,18.043174,18.043220,0.000002,23285621701,5860942086,5751144221
100000000,dynamic,100,4,4,6,17.419729,5761455,,,17.419727,17.419611,17.419679,0.000003,23285621701,5890226871,5708354795
100000000,dynamic,100,4,4,7,18.307544,5761455,,,18.307542,18.307485,18.307505,0.000002,23285621701,5904498908,5708287818
100000000,dynamic,100,4,4,8,18.230498,5761455,,,18.230490,18.230424,18.230460,0.000002,23285621701,5998865449,5672181021
100000000,dynamic,100,4,4,9,17.846559,5761455,,,17.846556,17.846513,17.846537,0.000001,23285621701,5839949876,5803341987
100000000,dynamic,100,4,4,10,17.607037,5761455,,,17.607034,17.606986,17.607010,0.000001,23285621701,5929778330,5744346733
100000000,dynamic,1000,4,4,1,17.340887,5761455,,,17.340504,17.339715,17.340128,0.000022,23285621701,6075947878,5665377590
100000000,dynamic,1000,4,4,2,17.113597,5761455,,,17.113592,17.112883,17.113367,0.000013,23285621701,6246820330,5660607193
100000000,dynamic,1000,4,4,3,17.172189,5761455,,,17.172187,17.171378,17.171959,0.000013,23285621701,6185833500,5619639803
100000000,dynamic,1000,4,4,4,16.792839,5761455,,,16.792836,16.792119,16.792437,0.000024,23285621701,5964679520,5671015644
100000000,dynamic,1000,4,4,5,16.910249,5761455,,,16.910247,16.909769,16.910075,0.000010,23285621701,6072704149,5707493085
100000000,dynamic,1000,4,4,6,17.386349,5761455,,,17.386347,17.385565,17.385972,0.000022,23285621701,5928605559,5624062906
100000000,dynamic,1000,4,4,7,16.938109,5761455,,,16.938107,16.937589,16.937948,0.000009,23285621701,5974294905,5595516415
100000000,dynamic,1000,4,4,8,17.349142,5761455,,,17.349140,17.348714,17.348997,0.000008,23285621701,6096705604,5557209745
100000000,dynamic,1000,4,4,9,16.718441,5761455,,,16.718439,16.717732,16.718096,0.000021,23285621701,6190827757,5551953838
100000000,dynamic,1000,4,4,10,17.301140,5761455,,,17.301138,17.300391,17.300940,0.000011,23285621701,5926008059,5760877113
100000000,dynamic,10000,4,4,1,16.667658,5761455,,,16.667363,16.664191,16.665796,0.000094,23285621701,5898685032,5761393688
100000000,dynamic,10000,4,4,2,16.960772,5761455,,,16.960770,16.951233,16.956434,0.000256,23285621701,5919020145,5685983865
100000000,dynamic,10000,4,4,3,16.977619,5761455,,,16.977613,16.968791,16.973014,0.000271,23285621701,6010475321,5692315016
100000000,dynamic,10000,4,4,4,16.843418,5761455,,,16.843413,16.836860,16.840298,0.000185,23285621701,6008475923,5679382635
100000000,dynamic,10000,4,4,5,17.180809,5761455,,,17.180802,17.176497,17.178152,0.000154,23285621701,5923430754,5686685788
100000000,dynamic,10000,4,4,6,17.448988,5761455,,,17.448985,17.445323,17.446817,0.000124,23285621701,5901588537,5713419442
100000000,dynamic,10000,4,4,7,17.285893,5761455,,,17.285891,17.280102,17.284236,0.000096,23285621701,5940129635,5734220639
100000000,dynamic,10000,4,4,8,17.523667,5761455,,,17.523661,17.516702,17.520610,0.000174,23285621701,5945740073,5596362079
100000000,dynamic,10000,4,4,9,17.605210,5761455,,,17.605208,17.598643,17.601606,0.000205,23285621701,5863052011,5768413629
100000000,dynamic,10000,4,4,10,17.305611,5761455,,,17.305608,17.298340,17.302229,0.000195,23285621701,5946130405,5744832583
100000000,guided,1,4,4,1,17.688351,5761455,,,17.687921,17.687919,17.687920,0.000000,23285621701,6039815774,5645272603
100000000,guided,1,4,4,2,16.818945,5761455,,,16.818942,16.816693,16.817268,0.000100,23285621701,5964905690,5707132925
100000000,guided,1,4,4,3,16.917766,5761455,,,16.917763,16.917761,16.917762,0.000000,23285621701,6065110127,5716168742
100000000,guided,1,4,4,4,16.971642,5761455,,,16.971639,16.971122,16.971253,0.000023,23285621701,5924210829,5726361378
100000000,guided,1,4,4,5,17.323572,5761455,,,17.323566,17.323225,17.323318,0.000014,23285621701,6219931994,5574556420
100000000,guided,1,4,4,6,16.602275,5761455,,,16.602272,16.602259,16.602263,0.000001,23285621701,6170287777,5624211241
100000000,guided,1,4,4,7,16.533130,5761455,,,16.533127,16.533119,16.533123,0.000000,23285621701,5991046441,5752198114
100000000,guided,1,4,4,8,16.731003,5761455,,,16.731001,16.730940,16.730963,0.000002,23285621701,5976728152,5712937474
100000000,guided,1,4,4,9,17.151707,5761455,,,17.151704,17.151482,17.151539,0.000010,23285621701,5864722142,5798749752
100000000,guided,1,4,4,10,17.219832,5761455,,,17.219829,17.219350,17.219472,0.000021,23285621701,6035214206,5637202902
100000000,guided,100,4,4,1,16.921378,5761455,,,16.921097,16.921044,16.921066,0.000002,23285621701,5977565842,5728014865
100000000,guided,100,4,4,2,17.489161,5761455,,,17.489159,17.485084,17.486120,0.000174,23285621701,6120194789,5656244092
100000000,guided,100,4,4,3,17.107144,5761455,,,17.107142,17.103458,17.104384,0.000161,23285621701,5987580225,5671735361
100000000,guided,100,4,4,4,16.633571,5761455,,,16.633568,16.633540,16.633554,0.000001,23285621701,6199087539,5542056170
100000000,guided,100,4,4,5,16.303260,5761455,,,16.303254,16.294566,16.296783,0.000397,23285621701,6127655665,5640586347
100000000,guided,100,4,4,6,18.862623,5761455,,,18.862619,18.862548,18.862592,0.000001,23285621701,5979038094,5586417959
100000000,guided,100,4,4,7,16.753581,5761455,,,16.753579,16.753513,16.753553,0.000002,23285621701,5963286111,5623594382
100000000,guided,100,4,4,8,17.171513,5761455,,,17.171510,17.171291,17.171362,0.000009,23285621701,5940957803,5741551886
100000000,guided,100,4,4,9,17.692695,5761455,,,17.692689,17.689119,17.690020,0.000151,23285621701,5899894973,5738442038
100000000,guided,100,4,4,10,17.009944,5761455,,,17.009941,17.009896,17.009915,0.000002,23285621701,6023674681,5650224504
100000000,guided,1000,4,4,1,16.495287,5761455,,,16.495060,16.494883,16.494952,0.000007,23285621701,6078855180,5556346964
100000000,guided,1000,4,4,2,17.255408,5761455,,,17.255406,17.255120,17.255234,0.000010,23285621701,5896251296,5693662795
100000000,guided,1000,4,4,3,17.881540,5761455,,,17.881333,17.820812,17.835992,0.002542,23285621701,5981375996,5635220609
100000000,guided,1000,4,4,4,16.357757,5761455,,,16.357754,16.357315,16.357495,0.000016,23285621701,5845036290,5804140802
100000000,guided,1000,4,4,5,16.891484,5761455,,,16.891481,16.890825,16.891211,0.000016,23285621701,5906814892,5670963215
100000000,guided,1000,4,4,6,17.020746,5761455,,,17.020743,17.020141,17.020493,0.000015,23285621701,5988982839,5697636177
100000000,guided,1000,4,4,7,16.434926,5761455,,,16.434923,16.434448,16.434742,0.000011,23285621701,5997955391,5590083616
100000000,guided,1000,4,4,8,17.477233,5761455,,,17.477231,17.475235,17.475847,0.000079,23285621701,6004995096,5670584365
100000000,guided,1000,4,4,9,17.389937,5761455,,,17.389934,17.389140,17.389481,0.000026,23285621701,5982758024,5701238505
100000000,guided,1000,4,4,10,17.579734,5761455,,,17.579732,17.579273,17.579440,0.000017,23285621701,5992275429,5750405770
100000000,guided,10000,4,4,1,17.943767,5761455,,,17.943459,17.936661,17.939332,0.000230,23285621701,5961677135,5680583986
100000000,guided,10000,4,4,2,17.858071,5761455,,,17.858068,17.853287,17.855442,0.000147,23285621701,5873907234,5793332287
100000000,guided,10000,4,4,3,17.684105,5761455,,,17.684103,17.671380,17.677945,0.000348,23285621701,6035588463,5697815300
100000000,guided,10000,4,4,4,16.848177,5761455,,,16.848107,16.840599,16.843351,0.000282,23285621701,6026404610,5666179876
100000000,guided,10000,4,4,5,17.779497,5761455,,,17.779494,17.772504,17.775745,0.000211,23285621701,5879718454,5737966811
100000000,guided,10000,4,4,6,18.892171,5761455,,,18.892167,18.885102,18.889303,0.000152,23285621701,5916961972,5749905842
100000000,guided,10000,4,4,7,18.320848,5761455,,,18.320830,18.306687,18.313415,0.000405,23285621701,5880890175,5761527076
100000000,guided,10000,4,4,8,17.267679,5761455,,,17.267564,17.259666,17.265093,0.000143,23285621701,6014355321,5722591370
100000000,guided,10000,4,4,9,17.853057,5761455,,,17.853050,17.844125,17.848545,0.000252,23285621701,5848435160,5804982227
100000000,guided,10000,4,4,10,17.091709,5761455,,,17.091706,17.083645,17.086651,0.000296,23285621701,5963156575,5751213353
100000000,static,1,4,4,1,27.129141,5761455,,,27.128657,0.104655,13.618761,0.992006,23285621701,11618133070,25000000
100000000,static,1,4,4,2,28.833430,5761455,,,28.833231,0.093019,14.427674,0.998467,23285621701,11618133070,25000000
100000000,static,1,4,4,3,28.199044,5761455,,,28.196094,0.089969,14.134348,0.994863,23285621701,11618133070,25000000
100000000,static,1,4,4,4,32.396406,5761455,,,32.396111,0.098149,16.254032,0.993112,23285621701,11618133070,25000000
100000000,static,1,4,4,5,31.279358,5761455,,,31.278089,0.101500,15.693359,0.993078,23285621701,11618133070,25000000
100000000,static,1,4,4,6,31.671196,5761455,,,31.671147,0.094606,15.878561,0.994586,23285621701,11618133070,25000000
100000000,static,1,4,4,7,32.367278,5761455,,,32.359317,0.093803,16.238140,0.992797,23285621701,11618133070,25000000
100000000,static,1,4,4,8,29.723496,5761455,,,29.723216,0.104735,14.913731,0.993010,23285621701,11618133070,25000000
100000000,static,1,4,4,9,27.559455,5761455,,,27.557327,0.101649,13.816182,0.994569,23285621701,11618133070,25000000
100000000,static,1,4,4,10,29.209041,5761455,,,29.208780,0.098423,14.660285,0.992375,23285621701,11618133070,25000000
100000000,static,100,4,4,1,17.372886,5761455,,,17.372476,16.729540,16.937589,0.025676,23285621701,5823702595,5819317727
100000000,static,100,4,4,2,16.915476,5761455,,,16.914026,16.081655,16.473113,0.026766,23285621701,5823702595,5819317727
100000000,static,100,4,4,3,16.690526,5761455,,,16.685533,16.147095,16.439541,0.014963,23285621701,5823702595,5819317727
100000000,static,100,4,4,4,17.003415,5761455,,,17.002045,16.446585,16.795289,0.012310,23285621701,5823702595,5819317727
100000000,static,100,4,4,5,16.507054,5761455,,,16.507010,15.867023,16.102638,0.025112,23285621701,5823702595,5819317727
100000000,static,100,4,4,6,17.066952,5761455,,,17.066576,16.804343,16.944387,0.007211,23285621701,5823702595,5819317727
100000000,static,100,4,4,7,17.358078,5761455,,,17.357866,16.672196,16.883780,0.028079,23285621701,5823702595,5819317727
100000000,static,100,4,4,8,17.110491,5761455,,,17.110437,16.299837,16.792653,0.018924,23285621701,5823702595,5819317727
100000000,static,100,4,4,9,17.279397,5761455,,,17.279164,16.344231,17.006426,0.016037,23285621701,5823702595,5819317727
100000000,static,100,4,4,10,17.736959,5761455,,,17.736789,17.140108,17.376242,0.020749,23285621701,5823702595,5819317727
100000000,static,1000,4,4,1,17.636592,5761455,,,17.634290,17.039381,17.241363,0.022790,23285621701,5823329479,5819577542
100000000,static,1000,4,4,2,16.745347,5761455,,,16.745198,16.230400,16.569837,0.010583,23285621701,5823329479,5819577542
100000000,static,1000,4,4,3,17.485271,5761455,,,17.482470,16.758281,17.171366,0.018118,23285621701,5823329479,5819577542
100000000,static,1000,4,4,4,16.236491,5761455,,,16.236206,16.100320,16.168893,0.004163,23285621701,5823329479,5819577542
100000000,static,1000,4,4,5,16.407646,5761455,,,16.407110,15.720474,16.048843,0.022324,23285621701,5823329479,5819577542
100000000,static,1000,4,4,6,15.989134,5761455,,,15.984730,15.493117,15.764089,0.013996,23285621701,5823329479,5819577542
100000000,static,1000,4,4,7,17.668007,5761455,,,17.663865,17.030042,17.403798,0.014943,23285621701,5823329479,5819577542
100000000,static,1000,4,4,8,17.699100,5761455,,,17.698859,16.512573,17.134225,0.032954,23285621701,5823329479,5819577542
100000000,static,1000,4,4,9,17.272712,5761455,,,17.272551,16.159030,16.817342,0.027068,23285621701,5823329479,5819577542
100000000,static,1000,4,4,10,17.506428,5761455,,,17.504351,17.184176,17.329172,0.010109,23285621701,5823329479,5819577542
100000000,static,10000,4,4,1,17.685579,5761455,,,17.685146,16.650046,17.173819,0.029774,23285621701,5824719394,5818803463
100000000,static,10000,4,4,2,16.726537,5761455,,,16.723291,16.295360,16.559902,0.009867,23285621701,5824719394,5818803463
100000000,static,10000,4,4,3,17.310074,5761455,,,17.310034,16.581568,16.984379,0.019174,23285621701,5824719394,5818803463
100000000,static,10000,4,4,4,16.853892,5761455,,,16.851649,16.069015,16.395168,0.027842,23285621701,5824719394,5818803463
100000000,static,10000,4,4,5,18.453485,5761455,,,18.453309,18.168860,18.301602,0.008289,23285621701,5824719394,5818803463
100000000,static,10000,4,4,6,17.902999,5761455,,,17.902805,17.389696,17.628515,0.015559,23285621701,5824719394,5818803463
100000000,static,10000,4,4,7,16.873737,5761455,,,16.873458,16.054120,16.319922,0.033918,23285621701,5824719394,5818803463
100000000,static,10000,4,4,8,16.758321,5761455,,,16.758095,15.937511,16.380304,0.023064,23285621701,5824719394,5818803463
100000000,static,10000,4,4,9,17.151361,5761455,,,17.151209,16.607686,16.923343,0.013465,23285621701,5824719394,5818803463
100000000,static,10000,4,4,10,17.022845,5761455,,,17.022774,16.791655,16.883537,0.008247,23285621701,5824719394,5818803463
100000000,dynamic,1,8,8,1,12.457128,5761455,,,12.456511,12.456086,12.456446,0.000005,23285621701,3055861001,2738954371
100000000,dynamic,1,8,8,2,12.228230,5761455,,,12.228226,12.228205,12.228212,0.000001,23285621701,3045811385,2847321332
100000000,dynamic,1,8,8,3,12.277831,5761455,,,12.277828,12.277816,12.277819,0.000001,23285621701,3093705680,2805881669
100000000,dynamic,1,8,8,4,12.109952,5761455,,,12.109949,12.109939,12.109942,0.000001,23285621701,3015625403,2771835525
100000000,dynamic,1,8,8,5,12.177212,5761455,,,12.177209,12.177199,12.177205,0.000000,23285621701,2994162998,2813959209
100000000,dynamic,1,8,8,6,12.371422,5761455,,,12.371419,12.371397,12.371402,0.000001,23285621701,3008613618,2746186091
100000000,dynamic,1,8,8,7,12.587340,5761455,,,12.587336,12.587326,12.587331,0.000000,23285621701,3127914736,2801559633
100000000,dynamic,1,8,8,8,12.769349,5761455,,,12.769345,12.769333,12.769337,0.000001,23285621701,2995990293,2789283924
100000000,dynamic,1,8,8,9,12.405630,5761455,,,12.405626,12.405610,12.405619,0.000001,23285621701,3063501503,2763305415
100000000,dynamic,1,8,8,10,12.363429,5761455,,,12.363425,12.363410,12.363419,0.000000,23285621701,2987619859,2793420678
100000000,dynamic,100,8,8,1,12.169587,5761455,,,12.168830,12.168685,12.168746,0.000007,23285621701,3136937296,2830512136
100000000,dynamic,100,8,8,2,12.179242,5761455,,,12.179238,12.179133,12.179175,0.000005,23285621701,3009685529,2731136728
100000000,dynamic,100,8,8,3,12.282866,5761455,,,12.282857,12.282758,12.282794,0.000005,23285621701,2982653470,2778204347
100000000,dynamic,100,8,8,4,11.970686,5761455,,,11.970683,11.970510,11.970570,0.000009,23285621701,3004914122,2840244651
100000000,dynamic,100,8,8,5,12.227285,5761455,,,12.227281,12.227195,12.227221,0.000005,23285621701,2980672855,2845875963
100000000,dynamic,100,8,8,6,11.899659,5761455,,,11.899656,11.899538,11.899588,0.000006,23285621701,3152818958,2699326407
100000000,dynamic,100,8,8,7,12.175510,5761455,,,12.175503,12.175459,12.175472,0.000003,23285621701,3036438019,2824442964
100000000,dynamic,100,8,8,8,12.096817,5761455,,,12.096813,12.096644,12.096714,0.000008,23285621701,3041176855,2765504243
100000000,dynamic,100,8,8,9,12.433988,5761455,,,12.433985,12.433931,12.433956,0.000002,23285621701,2988326869,2795573754
100000000,dynamic,100,8,8,10,12.077671,5761455,,,12.077668,12.077582,12.077614,0.000004,23285621701,2996521706,2855434898
100000000,dynamic,1000,8,8,1,11.980503,5761455,,,11.979724,11.978783,11.979315,0.000034,23285621701,3089850516,2719381753
100000000,dynamic,1000,8,8,2,11.980989,5761455,,,11.980986,11.980079,11.980419,0.000047,23285621701,3005767540,2809978622
100000000,dynamic,1000,8,8,3,11.724246,5761455,,,11.724242,11.723007,11.723723,0.000044,23285621701,2980648690,2825795357
100000000,dynamic,1000,8,8,4,11.896282,5761455,,,11.896279,11.895216,11.895884,0.000033,23285621701,3029405291,2730547166
100000000,dynamic,1000,8,8,5,12.376482,5761455,,,12.376479,12.374794,12.375508,0.000078,23285621701,3030066683,2772875892
100000000,dynamic,1000,8,8,6,12.224032,5761455,,,12.224029,12.223008,12.223367,0.000054,23285621701,2986250866,2775525955
100000000,dynamic,1000,8,8,7,12.077059,5761455,,,12.077055,12.076186,12.076733,0.000027,23285621701,3009836575,2791330435
100000000,dynamic,1000,8,8,8,11.890235,5761455,,,11.890231,11.888963,11.889684,0.000046,23285621701,3105042144,2713694492
100000000,dynamic,1000,8,8,9,11.974732,5761455,,,11.974728,11.973292,11.973931,0.000067,23285621701,3082973727,2727775467
100000000,dynamic,1000,8,8,10,12.409012,5761455,,,12.409008,12.408217,12.408464,0.000044,23285621701,3040818001,2685537825
100000000,dynamic,10000,8,8,1,11.837780,5761455,,,11.837021,11.824732,11.830611,0.000542,23285621701,3150366412,2675503458
100000000,dynamic,10000,8,8,2,12.200357,5761455,,,12.200354,12.189217,12.195680,0.000383,23285621701,3043212458,2735601444
100000000,dynamic,10000,8,8,3,12.165192,5761455,,,12.165185,12.156586,12.161380,0.000313,23285621701,3018773786,2771252298
100000000,dynamic,10000,8,8,4,12.055531,5761455,,,12.055527,12.045702,12.051270,0.000353,23285621701,3047221733,2801587969
100000000,dynamic,10000,8,8,5,12.167208,5761455,,,12.167205,12.156997,12.160975,0.000512,23285621701,3027261317,2794486059
100000000,dynamic,10000,8,8,6,12.031008,5761455,,,12.031004,12.023517,12.027656,0.000278,23285621701,3092909366,2727171679
100000000,dynamic,10000,8,8,7,12.149496,5761455,,,12.149488,12.140967,12.145088,0.000362,23285621701,3033006327,2720634765
100000000,dynamic,10000,8,8,8,12.074245,5761455,,,12.074241,12.061769,12.068055,0.000513,23285621701,3065397985,2778732035
100000000,dynamic,10000,8,8,9,12.154314,5761455,,,12.154311,12.138463,12.145322,0.000740,23285621701,3178771331,2434810448
100000000,dynamic,10000,8,8,10,11.909216,5761455,,,11.909084,11.898350,11.902325,0.000568,23285621701,3028012464,2779595815
100000000,guided,1,8,8,1,12.623137,5761455,,,12.622523,12.621906,12.622068,0.000036,23285621701,3045428155,2801583718
100000000,guided,1,8,8,2,12.138312,5761455,,,12.138308,12.138177,12.138200,0.000009,23285621701,3028740864,2853148755
100000000,guided,1,8,8,3,12.086190,5761455,,,12.086187,12.085667,12.085777,0.000034,23285621701,3007617689,2771541156
100000000,guided,1,8,8,4,12.038301,5761455,,,12.038298,12.035905,12.036215,0.000173,23285621701,3137225657,2703360212
100000000,guided,1,8,8,5,12.329819,5761455,,,12.329815,12.328881,12.329014,0.000065,23285621701,3008493555,2805393037
100000000,guided,1,8,8,6,12.268977,5761455,,,12.268973,12.265421,12.265870,0.000253,23285621701,3065403143,2752809117
100000000,guided,1,8,8,7,12.214827,5761455,,,12.214823,12.213891,12.214018,0.000066,23285621701,2962607794,2804729759
100000000,guided,1,8,8,8,12.466310,5761455,,,12.466302,12.466046,12.466098,0.000016,23285621701,3003644047,2819882973
100000000,guided,1,8,8,9,12.318735,5761455,,,12.318731,12.317274,12.317459,0.000103,23285621701,3022581197,2831228628
100000000,guided,1,8,8,10,12.144269,5761455,,,12.144267,12.144247,12.144256,0.000001,23285621701,3068445135,2786328853
100000000,guided,100,8,8,1,12.025045,5761455,,,12.024292,12.023982,12.024104,0.000016,23285621701,3092578232,2746000472
100000000,guided,100,8,8,2,12.067855,5761455,,,12.067851,12.067776,12.067792,0.000005,23285621701,3004758653,2802216380
100000000,guided,100,8,8,3,11.802197,5761455,,,11.802193,11.801700,11.801801,0.000033,23285621701,3135704724,2710309835
100000000,guided,100,8,8,4,11.904554,5761455,,,11.904546,11.904436,11.904486,0.000005,23285621701,3019577424,2826497877
100000000,guided,100,8,8,5,11.909452,5761455,,,11.909448,11.905119,11.905786,0.000308,23285621701,3100834123,2724362548
100000000,guided,100,8,8,6,11.819212,5761455,,,11.819209,11.818376,11.818601,0.000051,23285621701,3146187999,2720523639
100000000,guided,100,8,8,7,12.072060,5761455,,,12.072057,12.068528,12.069121,0.000243,23285621701,3067483290,2637505649
100000000,guided,100,8,8,8,11.943494,5761455,,,11.943490,11.943421,11.943462,0.000002,23285621701,3025019420,2702437982
100000000,guided,100,8,8,9,12.135923,5761455,,,12.135919,12.135745,12.135822,0.000008,23285621701,3033057783,2854516597
100000000,guided,100,8,8,10,12.266194,5761455,,,12.266190,12.266103,12.266143,0.000004,23285621701,2993253171,2810275758
100000000,guided,1000,8,8,1,12.047696,5761455,,,12.046987,12.045977,12.046376,0.000051,23285621701,2964904675,2825000930
100000000,guided,1000,8,8,2,12.189130,5761455,,,12.189126,12.188198,12.188618,0.000042,23285621701,3069995970,2774596367
100000000,guided,1000,8,8,3,12.008011,5761455,,,12.008008,12.007189,12.007560,0.000037,23285621701,3068829609,2842766886
100000000,guided,1000,8,8,4,12.291137,5761455,,,12.291133,12.289103,12.289777,0.000110,23285621701,3086103050,2689553789
100000000,guided,1000,8,8,5,12.256302,5761455,,,12.256299,12.255152,12.255760,0.000044,23285621701,2998506885,2851175754
100000000,guided,1000,8,8,6,11.937730,5761455,,,11.937727,11.936940,11.937278,0.000038,23285621701,3026075102,2793736503
100000000,guided,1000,8,8,7,12.136530,5761455,,,12.136527,12.135822,12.136104,0.000035,23285621701,3001601747,2791860501
100000000,guided,1000,8,8,8,12.217917,5761455,,,12.217913,12.216991,12.217460,0.000037,23285621701,3064630860,2758456003
100000000,guided,1000,8,8,9,11.927882,5761455,,,11.927878,11.927201,11.927480,0.000033,23285621701,3079921551,2669163046
100000000,guided,1000,8,8,10,11.812842,5761455,,,11.812838,11.798987,11.801145,0.000991,23285621701,3040550355,2745911912
100000000,guided,10000,8,8,1,12.462350,5761455,,,12.461486,12.453017,12.458994,0.000200,23285621701,3038251561,2840869679
100000000,guided,10000,8,8,2,11.936039,5761455,,,11.936035,11.925468,11.928636,0.000620,23285621701,3051045321,2778705145
100000000,guided,10000,8,8,3,12.195048,5761455,,,12.195044,12.181932,12.187453,0.000623,23285621701,3030789335,2691525377
100000000,guided,10000,8,8,4,12.540651,5761455,,,12.540642,12.530239,12.536269,0.000349,23285621701,3033867974,2787678024
100000000,guided,10000,8,8,5,12.086291,5761455,,,12.086286,12.079984,12.083099,0.000264,23285621701,3041310914,2773925893
100000000,guided,10000,8,8,6,11.980798,5761455,,,11.980791,11.967517,11.971849,0.000747,23285621701,2982053106,2826010440
100000000,guided,10000,8,8,7,11.887694,5761455,,,11.887687,11.878002,11.881493,0.000521,23285621701,3112655383,2675434755
100000000,guided,10000,8,8,8,11.912007,5761455,,,11.912004,11.909424,11.910887,0.000094,23285621701,3058178293,2737518699
100000000,guided,10000,8,8,9,12.010639,5761455,,,12.010635,11.998348,12.004076,0.000546,23285621701,2967716953,2833907118
100000000,guided,10000,8,8,10,12.347645,5761455,,,12.347642,12.336738,12.342891,0.000385,23285621701,3055583804,2773807337
100000000,static,1,8,8,1,17.088070,5761455,,,17.086943,0.059100,8.470646,1.017195,23285621701,5809432239,12500000
100000000,static,1,8,8,2,17.712175,5761455,,,17.710490,0.047721,8.783219,1.016401,23285621701,5809432239,12500000
100000000,static,1,8,8,3,17.411724,5761455,,,17.411393,0.073406,8.681962,1.005467,23285621701,5809432239,12500000
100000000,static,1,8,8,4,17.073131,5761455,,,17.071231,0.046650,8.429950,1.025069,23285621701,5809432239,12500000
100000000,static,1,8,8,5,16.864536,5761455,,,16.858723,0.046968,8.340091,1.021408,23285621701,5809432239,12500000
100000000,static,1,8,8,6,16.357976,5761455,,,16.355562,0.062978,8.149175,1.007021,23285621701,5809432239,12500000
100000000,static,1,8,8,7,17.163811,5761455,,,17.156382,0.047609,8.328913,1.059859,23285621701,5809432239,12500000
100000000,static,1,8,8,8,17.018332,5761455,,,17.012560,0.047226,8.467623,1.009130,23285621701,5809432239,12500000
100000000,static,1,8,8,9,16.716123,5761455,,,16.714067,0.047064,8.244090,1.027400,23285621701,5809432239,12500000
100000000,static,1,8,8,10,17.038657,5761455,,,17.036069,0.046612,8.453396,1.015293,23285621701,5809432239,12500000
100000000,static,100,8,8,1,12.230961,5761455,,,12.229963,11.511350,11.892366,0.028388,23285621701,2911920443,2909592638
100000000,static,100,8,8,2,12.511675,5761455,,,12.511564,11.694186,12.152162,0.029575,23285621701,2911920443,2909592638
100000000,static,100,8,8,3,13.626677,5761455,,,13.621972,13.021151,13.322578,0.022473,23285621701,2911920443,2909592638
100000000,static,100,8,8,4,12.190944,5761455,,,12.187207,11.351161,11.745074,0.037644,23285621701,2911920443,2909592638
100000000,static,100,8,8,5,13.273883,5761455,,,13.273402,12.831024,13.016629,0.019727,23285621701,2911920443,2909592638
100000000,static,100,8,8,6,12.959679,5761455,,,12.951733,12.408881,12.647333,0.024068,23285621701,2911920443,2909592638
100000000,static,100,8,8,7,12.469598,5761455,,,12.460112,11.741240,12.133579,0.026912,23285621701,2911920443,2909592638
100000000,static,100,8,8,8,12.482999,5761455,,,12.482779,11.900603,12.194359,0.023652,23285621701,2911920443,2909592638
100000000,static,100,8,8,9,12.280246,5761455,,,12.275454,11.135185,11.776342,0.042383,23285621701,2911920443,2909592638
100000000,static,100,8,8,10,12.417945,5761455,,,12.413857,11.696941,11.953643,0.038500,23285621701,2911920443,2909592638
100000000,static,1000,8,8,1,12.150537,5761455,,,12.141165,11.413145,11.743744,0.033841,23285621701,2913122368,2909150965
100000000,static,1000,8,8,2,12.106157,5761455,,,12.104317,11.062219,11.651698,0.038846,23285621701,2913122368,2909150965
100000000,static,1000,8,8,3,12.435311,5761455,,,12.429668,11.850283,12.148579,0.023138,23285621701,2913122368,2909150965
100000000,static,1000,8,8,4,12.100492,5761455,,,12.099805,11.054048,11.724630,0.031999,23285621701,2913122368,2909150965
100000000,static,1000,8,8,5,12.207301,5761455,,,12.203366,11.070791,11.608027,0.051287,23285621701,2913122368,2909150965
100000000,static,1000,8,8,6,12.294097,5761455,,,12.285382,11.411027,11.797498,0.041355,23285621701,2913122368,2909150965
100000000,static,1000,8,8,7,12.322199,5761455,,,12.319203,11.418945,11.796398,0.044319,23285621701,2913122368,2909150965
100000000,static,1000,8,8,8,12.312224,5761455,,,12.312027,11.272245,11.740715,0.048661,23285621701,2913122368,2909150965
100000000,static,1000,8,8,9,12.695464,5761455,,,12.694581,11.805101,12.339628,0.028765,23285621701,2913122368,2909150965
100000000,static,1000,8,8,10,12.622951,5761455,,,12.621724,11.826394,12.297389,0.026374,23285621701,2913122368,2909150965
100000000,static,10000,8,8,1,12.509877,5761455,,,12.509113,11.567588,12.205007,0.024916,23285621701,2913476777,2907357149
100000000,static,10000,8,8,2,12.281286,5761455,,,12.280966,11.298694,11.845345,0.036776,23285621701,2913476777,2907357149
100000000,static,10000,8,8,3,12.607328,5761455,,,12.602277,11.681934,12.142157,0.037894,23285621701,2913476777,2907357149
100000000,static,10000,8,8,4,12.175070,5761455,,,12.168902,11.681053,11.955281,0.017868,23285621701,2913476777,2907357149
100000000,static,10000,8,8,5,12.206994,5761455,,,12.200553,11.255584,11.665474,0.045869,23285621701,2913476777,2907357149
100000000,static,10000,8,8,6,12.398165,5761455,,,12.394118,11.522650,12.126338,0.022083,23285621701,2913476777,2907357149
100000000,static,10000,8,8,7,11.963308,5761455,,,11.954620,11.096452,11.610096,0.029674,23285621701,2913476777,2907357149
100000000,static,10000,8,8,8,12.299862,5761455,,,12.293653,11.236092,11.830744,0.039128,23285621701,2913476777,2907357149
100000000,static,10000,8,8,9,12.445757,5761455,,,12.442115,10.994179,11.671352,0.066039,23285621701,2913476777,2907357149
100000000,static,10000,8,8,10,12.721569,5761455,,,12.721223,12.155147,12.454342,0.021429,23285621701,2913476777,2907357149
100000000,dynamic,1,12,12,1,10.968052,5761455,,,10.966538,10.966513,10.966522,0.000001,23285621701,1978322414,1908565753
100000000,dynamic,1,12,12,2,10.667495,5761455,,,10.667490,10.667471,10.667478,0.000001,23285621701,2012933440,1903397856
100000000,dynamic,1,12,12,3,10.664417,5761455,,,10.664412,10.664396,10.664403,0.000001,23285621701,2000303767,1869814805
100000000,dynamic,1,12,12,4,10.646238,5761455,,,10.646234,10.646217,10.646223,0.000001,23285621701,1964383322,1913099343
100000000,dynamic,1,12,12,5,10.709664,5761455,,,10.709659,10.709642,10.709649,0.000001,23285621701,1997390498,1875193845
100000000,dynamic,1,12,12,6,10.807554,5761455,,,10.807551,10.807527,10.807535,0.000001,23285621701,1983488923,1902650991
100000000,dynamic,1,12,12,7,11.023367,5761455,,,11.023363,11.023344,11.023352,0.000001,23285621701,2018235594,1881331807
100000000,dynamic,1,12,12,8,10.763650,5761455,,,10.763644,10.763627,10.763634,0.000001,23285621701,2035503202,1900005472
100000000,dynamic,1,12,12,9,11.041615,5761455,,,11.041611,11.041598,11.041602,0.000001,23285621701,1967307482,1904058788
100000000,dynamic,1,12,12,10,10.849001,5761455,,,10.848995,10.848401,10.848459,0.000049,23285621701,1997206851,1868254183
100000000,dynamic,100,12,12,1,10.667062,5761455,,,10.665367,10.665239,10.665299,0.000006,23285621701,1971794731,1895327889
100000000,dynamic,100,12,12,2,10.464560,5761455,,,10.464555,10.464417,10.464500,0.000005,23285621701,1997952348,1903072241
100000000,dynamic,100,12,12,3,10.711646,5761455,,,10.711641,10.711505,10.711562,0.000007,23285621701,1981506948,1873357931
100000000,dynamic,100,12,12,4,10.840183,5761455,,,10.840179,10.840012,10.840097,0.000008,23285621701,1980735170,1897817547
100000000,dynamic,100,12,12,5,10.816725,5761455,,,10.816719,10.816586,10.816668,0.000005,23285621701,1987127960,1912475091
100000000,dynamic,100,12,12,6,10.729580,5761455,,,10.729575,10.729401,10.729476,0.000009,23285621701,2008619570,1888396728
100000000,dynamic,100,12,12,7,10.792249,5761455,,,10.792245,10.792085,10.792166,0.000007,23285621701,1992812981,1903986641
100000000,dynamic,100,12,12,8,10.589597,5761455,,,10.589593,10.589440,10.589495,0.000009,23285621701,1982290007,1895315510
100000000,dynamic,100,12,12,9,10.817351,5761455,,,10.817344,10.817157,10.817225,0.000011,23285621701,2005164596,1895602506
100000000,dynamic,100,12,12,10,10.401409,5761455,,,10.401405,10.401304,10.401346,0.000006,23285621701,1989160284,1874170458
100000000,dynamic,1000,12,12,1,10.345673,5761455,,,10.344729,10.343324,10.344054,0.000065,23285621701,2010123700,1874701690
100000000,dynamic,1000,12,12,2,10.342350,5761455,,,10.342346,10.341183,10.341687,0.000064,23285621701,1999527855,1860353150
100000000,dynamic,1000,12,12,3,10.895223,5761455,,,10.895219,10.893932,10.894523,0.000064,23285621701,1961660914,1896697453
100000000,dynamic,1000,12,12,4,10.859352,5761455,,,10.859316,10.857968,10.858655,0.000061,23285621701,1985082998,1898007787
100000000,dynamic,1000,12,12,5,10.629858,5761455,,,10.629853,10.628698,10.629445,0.000038,23285621701,1982713872,1867991065
100000000,dynamic,1000,12,12,6,10.372262,5761455,,,10.372258,10.370643,10.371402,0.000083,23285621701,1980926464,1861075261
100000000,dynamic,1000,12,12,7,10.691045,5761455,,,10.691040,10.689288,10.690390,0.000061,23285621701,1999184773,1883959799
100000000,dynamic,1000,12,12,8,10.775184,5761455,,,10.775180,10.773759,10.774487,0.000064,23285621701,1977656257,1910173766
100000000,dynamic,1000,12,12,9,10.779558,5761455,,,10.779553,10.777809,10.778552,0.000093,23285621701,1980347343,1910854125
100000000,dynamic,1000,12,12,10,10.695075,5761455,,,10.695071,10.693616,10.694281,0.000074,23285621701,1999794727,1889517550
100000000,dynamic,10000,12,12,1,10.491212,5761455,,,10.489862,10.477318,10.484067,0.000553,23285621701,2043891106,1847176257
100000000,dynamic,10000,12,12,2,10.332226,5761455,,,10.332186,10.314359,10.323194,0.000871,23285621701,1978565983,1881066431
100000000,dynamic,10000,12,12,3,10.972099,5761455,,,10.971912,10.961531,10.967158,0.000433,23285621701,1982892270,1908827952
100000000,dynamic,10000,12,12,4,10.540863,5761455,,,10.540791,10.526302,10.533589,0.000684,23285621701,1969186603,1905670519
100000000,dynamic,10000,12,12,5,11.008676,5761455,,,11.008671,10.996785,11.002812,0.000532,23285621701,1999149332,1900177458
100000000,dynamic,10000,12,12,6,10.554123,5761455,,,10.554105,10.540240,10.549079,0.000476,23285621701,1990388594,1875883421
100000000,dynamic,10000,12,12,7,10.498927,5761455,,,10.498921,10.484860,10.490110,0.000840,23285621701,2008734477,1890297635
100000000,dynamic,10000,12,12,8,10.667685,5761455,,,10.667532,10.654048,10.659736,0.000731,23285621701,1988002233,1899892823
100000000,dynamic,10000,12,12,9,11.186073,5761455,,,11.186061,11.172882,11.178515,0.000675,23285621701,1972867359,1889323631
100000000,dynamic,10000,12,12,10,10.501416,5761455,,,10.501328,10.488593,10.495389,0.000566,23285621701,2001856918,1861374590
100000000,guided,1,12,12,1,10.899384,5761455,,,10.897417,10.897376,10.897387,0.000003,23285621701,1977426722,1871275708
100000000,guided,1,12,12,2,10.538473,5761455,,,10.538468,10.538433,10.538446,0.000002,23285621701,1996653410,1890871904
100000000,guided,1,12,12,3,10.463621,5761455,,,10.463618,10.463581,10.463597,0.000002,23285621701,1987945717,1882279112
100000000,guided,1,12,12,4,10.697123,5761455,,,10.697117,10.696981,10.697013,0.000010,23285621701,2001765013,1884544377
100000000,guided,1,12,12,5,10.979653,5761455,,,10.979643,10.979620,10.979631,0.000001,23285621701,1996600921,1908957058
100000000,guided,1,12,12,6,10.812280,5761455,,,10.812275,10.812229,10.812241,0.000003,23285621701,1986413533,1860468518
100000000,guided,1,12,12,7,11.194894,5761455,,,11.194857,11.194827,11.194837,0.000002,23285621701,1984994143,1888408317
100000000,guided,1,12,12,8,10.724228,5761455,,,10.724223,10.724163,10.724190,0.000003,23285621701,1983366172,1883847416
100000000,guided,1,12,12,9,10.582338,5761455,,,10.582334,10.582313,10.582324,0.000001,23285621701,2019739263,1827939349
100000000,guided,1,12,12,10,11.019788,5761455,,,11.019784,11.019719,11.019739,0.000004,23285621701,1991367437,1892438507
100000000,guided,100,12,12,1,10.882745,5761455,,,10.881316,10.881181,10.881239,0.000007,23285621701,1992751551,1899385423
100000000,guided,100,12,12,2,10.605263,5761455,,,10.605259,10.605115,10.605175,0.000008,23285621701,1982355728,1904334374
100000000,guided,100,12,12,3,10.483495,5761455,,,10.483491,10.483340,10.483401,0.000009,23285621701,1997233236,1853041287
100000000,guided,100,12,12,4,10.535301,5761455,,,10.535297,10.535208,10.535233,0.000006,23285621701,2014719774,1902009861
100000000,guided,100,12,12,5,10.583049,5761455,,,10.583044,10.582936,10.582982,0.000006,23285621701,1972334758,1878261703
100000000,guided,100,12,12,6,10.999380,5761455,,,10.999376,10.999243,10.999292,0.000008,23285621701,1977591534,1884612214
100000000,guided,100,12,12,7,10.404058,5761455,,,10.404054,10.403895,10.403959,0.000009,23285621701,2007902698,1913407831
100000000,guided,100,12,12,8,10.505213,5761455,,,10.505209,10.505052,10.505110,0.000009,23285621701,2023053848,1889674973
100000000,guided,100,12,12,9,10.566036,5761455,,,10.566032,10.565899,10.565952,0.000008,23285621701,1978730583,1894734784
100000000,guided,100,12,12,10,10.452430,5761455,,,10.452426,10.452360,10.452398,0.000003,23285621701,2006364175,1878681121
100000000,guided,1000,12,12,1,10.988695,5761455,,,10.987584,10.986627,10.987089,0.000045,23285621701,1996294983,1909201887
100000000,guided,1000,12,12,2,10.453420,5761455,,,10.453416,10.451949,10.452652,0.000073,23285621701,2046534637,1884212898
100000000,guided,1000,12,12,3,10.816779,5761455,,,10.816775,10.815727,10.816219,0.000051,23285621701,1966525605,1903015976
100000000,guided,1000,12,12,4,10.640605,5761455,,,10.640601,10.638976,10.639816,0.000074,23285621701,1992348422,1908705430
100000000,guided,1000,12,12,5,10.438534,5761455,,,10.438529,10.437316,10.437923,0.000058,23285621701,1970939634,1888073948
100000000,guided,1000,12,12,6,10.892751,5761455,,,10.892746,10.890897,10.891656,0.000100,23285621701,1993489766,1894165695
100000000,guided,1000,12,12,7,10.744350,5761455,,,10.744345,10.743121,10.743574,0.000072,23285621701,1994985355,1869327933
100000000,guided,1000,12,12,8,10.664113,5761455,,,10.664109,10.662734,10.663548,0.000053,23285621701,1980219089,1887185849
100000000,guided,1000,12,12,9,10.849267,5761455,,,10.849263,10.848843,10.849028,0.000022,23285621701,1979035452,1870977028
100000000,guided,1000,12,12,10,10.905174,5761455,,,10.905170,10.903806,10.904529,0.000059,23285621701,1986516195,1905324291
100000000,guided,10000,12,12,1,10.711104,5761455,,,10.709947,10.695162,10.701910,0.000751,23285621701,1975199075,1874006485
100000000,guided,10000,12,12,2,11.028953,5761455,,,11.028760,11.012454,11.020383,0.000760,23285621701,1982901391,1873219246
100000000,guided,10000,12,12,3,10.824071,5761455,,,10.824064,10.811888,10.818202,0.000542,23285621701,1990710010,1891174220
100000000,guided,10000,12,12,4,10.767916,5761455,,,10.767832,10.759106,10.761851,0.000556,23285621701,2016383216,1891561989
100000000,guided,10000,12,12,5,11.038325,5761455,,,11.038271,11.022202,11.030564,0.000699,23285621701,1988061568,1908768937
100000000,guided,10000,12,12,6,10.559490,5761455,,,10.559453,10.542435,10.551705,0.000734,23285621701,1972407169,1898671098
100000000,guided,10000,12,12,7,11.328304,5761455,,,11.328138,11.306464,11.318781,0.000827,23285621701,2009191090,1898988508
100000000,guided,10000,12,12,8,11.189659,5761455,,,11.189217,11.178096,11.181821,0.000661,23285621701,2002050964,1883744220
100000000,guided,10000,12,12,9,10.665245,5761455,,,10.665048,10.648533,10.655012,0.000942,23285621701,1982246733,1896322703
100000000,guided,10000,12,12,10,10.454844,5761455,,,10.451849,10.430519,10.441201,0.001020,23285621701,2021390704,1903855195
100000000,static,1,12,12,1,17.975959,5761455,,,17.970593,0.133296,6.058674,1.966093,23285621701,5805213186,8333333
100000000,static,1,12,12,2,20.193206,5761455,,,20.190560,0.077806,6.699946,2.013541,23285621701,5805213186,8333333
100000000,static,1,12,12,3,20.236347,5761455,,,20.236076,0.073864,6.714334,2.013862,23285621701,5805213186,8333333
100000000,static,1,12,12,4,18.767787,5761455,,,18.765322,0.066084,6.232294,2.010981,23285621701,5805213186,8333333
100000000,static,1,12,12,5,18.441478,5761455,,,18.441324,0.057902,6.174954,1.986472,23285621701,5805213186,8333333
100000000,static,1,12,12,6,18.395488,5761455,,,18.389557,0.069779,6.128011,2.000901,23285621701,5805213186,8333333
100000000,static,1,12,12,7,18.063128,5761455,,,18.062084,0.054993,6.011658,2.004510,23285621701,5805213186,8333333
100000000,static,1,12,12,8,18.219620,5761455,,,18.219289,0.063660,5.976494,2.048491,23285621701,5805213186,8333333
100000000,static,1,12,12,9,18.348090,5761455,,,18.347588,0.068941,6.088663,2.013402,23285621701,5805213186,8333333
100000000,static,1,12,12,10,18.269140,5761455,,,18.268589,0.034207,6.038053,2.025576,23285621701,5805213186,8333333
100000000,static,100,12,12,1,13.035672,5761455,,,13.035170,12.367726,12.690936,0.027124,23285621701,1965955257,1891485662
100000000,static,100,12,12,2,11.283485,5761455,,,11.275627,10.685968,11.047242,0.020674,23285621701,1965955257,1891485662
100000000,static,100,12,12,3,11.429150,5761455,,,11.427924,10.672418,11.226392,0.017952,23285621701,1965955257,1891485662
100000000,static,100,12,12,4,11.655158,5761455,,,11.651339,11.162484,11.430154,0.019351,23285621701,1965955257,1891485662
100000000,static,100,12,12,5,11.212040,5761455,,,11.210584,10.684184,10.953179,0.023500,23285621701,1965955257,1891485662
100000000,static,100,12,12,6,11.161152,5761455,,,11.160178,10.576271,10.877583,0.025980,23285621701,1965955257,1891485662
100000000,static,100,12,12,7,10.994258,5761455,,,10.986188,10.403066,10.751264,0.021851,23285621701,1965955257,1891485662
100000000,static,100,12,12,8,11.535428,5761455,,,11.534232,10.917226,11.302946,0.020463,23285621701,1965955257,1891485662
100000000,static,100,12,12,9,11.640871,5761455,,,11.640184,11.049423,11.383932,0.022510,23285621701,1965955257,1891485662
100000000,static,100,12,12,10,11.878048,5761455,,,11.877391,11.395572,11.666170,0.018105,23285621701,1965955257,1891485662
100000000,static,1000,12,12,1,11.707094,5761455,,,11.705370,11.243782,11.470827,0.020447,23285621701,1943722206,1935404028
100000000,static,1000,12,12,2,11.125960,5761455,,,11.120590,10.716734,10.895897,0.020622,23285621701,1943722206,1935404028
100000000,static,1000,12,12,3,11.305466,5761455,,,11.303622,10.870211,11.107012,0.017701,23285621701,1943722206,1935404028
100000000,static,1000,12,12,4,10.899169,5761455,,,10.887312,10.505846,10.674449,0.019941,23285621701,1943722206,1935404028
100000000,static,1000,12,12,5,10.930873,5761455,,,10.929922,10.549611,10.701466,0.021348,23285621701,1943722206,1935404028
100000000,static,1000,12,12,6,10.874945,5761455,,,10.866940,10.465339,10.662207,0.019202,23285621701,1943722206,1935404028
100000000,static,1000,12,12,7,10.965889,5761455,,,10.964052,10.652073,10.834641,0.011944,23285621701,1943722206,1935404028
100000000,static,1000,12,12,8,11.238063,5761455,,,11.231598,10.596522,11.037678,0.017569,23285621701,1943722206,1935404028
100000000,static,1000,12,12,9,10.977013,5761455,,,10.976870,10.492483,10.775267,0.018710,23285621701,1943722206,1935404028
100000000,static,1000,12,12,10,10.770843,5761455,,,10.759032,10.344445,10.576393,0.017269,23285621701,1943722206,1935404028
100000000,static,10000,12,12,1,10.955266,5761455,,,10.953359,10.251822,10.712345,0.022499,23285621701,1943048783,1937720463
100000000,static,10000,12,12,2,10.613850,5761455,,,10.608757,9.994622,10.425170,0.017610,23285621701,1943048783,1937720463
100000000,static,10000,12,12,3,10.880571,5761455,,,10.875071,10.356710,10.684713,0.017816,23285621701,1943048783,1937720463
100000000,static,10000,12,12,4,10.902671,5761455,,,10.899005,10.433471,10.686378,0.019897,23285621701,1943048783,1937720463
100000000,static,10000,12,12,5,10.514211,5761455,,,10.510748,10.085288,10.361014,0.014452,23285621701,1943048783,1937720463
100000000,static,10000,12,12,6,10.895959,5761455,,,10.895024,10.422582,10.732959,0.015100,23285621701,1943048783,1937720463
100000000,static,10000,12,12,7,10.883622,5761455,,,10.879562,10.443648,10.702538,0.016540,23285621701,1943048783,1937720463
100000000,static,10000,12,12,8,11.130594,5761455,,,11.125204,10.605604,10.851180,0.025253,23285621701,1943048783,1937720463
100000000,static,10000,12,12,9,10.608143,5761455,,,10.607122,10.101744,10.453126,0.014732,23285621701,1943048783,1937720463
100000000,static,10000,12,12,10,11.210258,5761455,,,11.210017,10.809271,11.077756,0.011939,23285621701,1943048783,1937720463
100000000,dynamic,1,16,16,1,9.600109,5761455,,,9.594086,9.589975,9.593735,0.000037,23285621701,1639278328,1391727453
100000000,dynamic,1,16,16,2,9.034572,5761455,,,9.030804,9.030458,9.030767,0.000004,23285621701,1754125432,1319342192
100000000,dynamic,1,16,16,3,8.675477,5761455,,,8.675467,8.675442,8.675451,0.000002,23285621701,1936287861,1293474704
100000000,dynamic,1,16,16,4,8.616958,5761455,,,8.616952,8.616927,8.616935,0.000002,23285621701,1794964760,1287139518
100000000,dynamic,1,16,16,5,8.608920,5761455,,,8.608914,8.608897,8.608905,0.000001,23285621701,1687435249,1285292520
100000000,dynamic,1,16,16,6,8.588763,5761455,,,8.588753,8.588726,8.588736,0.000002,23285621701,1670114063,1316852192
100000000,dynamic,1,16,16,7,8.612097,5761455,,,8.612092,8.612065,8.612073,0.000002,23285621701,1876962289,1286039391
100000000,dynamic,1,16,16,8,9.222856,5761455,,,9.222852,9.222817,9.222828,0.000003,23285621701,1660701192,1349989356
100000000,dynamic,1,16,16,9,8.940845,5761455,,,8.940839,8.937844,8.938058,0.000311,23285621701,1756907331,1321622011
100000000,dynamic,1,16,16,10,8.874875,5761455,,,8.874294,8.872582,8.873490,0.000091,23285621701,1775080577,1311580933
100000000,dynamic,100,16,16,1,8.884294,5761455,,,8.875848,8.867706,8.875253,0.000067,23285621701,1800974465,1329025029
100000000,dynamic,100,16,16,2,8.856600,5761455,,,8.856596,8.856375,8.856443,0.000017,23285621701,1742892424,1324654637
100000000,dynamic,100,16,16,3,8.802419,5761455,,,8.802415,8.802219,8.802281,0.000015,23285621701,1708419255,1320657655
100000000,dynamic,100,16,16,4,8.462680,5761455,,,8.462676,8.462485,8.462560,0.000014,23285621701,1871860506,1309856373
100000000,dynamic,100,16,16,5,9.076910,5761455,,,9.076904,9.075884,9.076022,0.000097,23285621701,1703435914,1354017521
100000000,dynamic,100,16,16,6,9.188959,5761455,,,9.188160,9.183714,9.187824,0.000037,23285621701,1680223640,1352328600
100000000,dynamic,100,16,16,7,8.321539,5761455,,,8.321534,8.321392,8.321453,0.000010,23285621701,1916333693,1269302638
100000000,dynamic,100,16,16,8,8.360638,5761455,,,8.360632,8.360474,8.360533,0.000012,23285621701,1948767425,1269732448
100000000,dynamic,100,16,16,9,8.280861,5761455,,,8.280854,8.280674,8.280741,0.000014,23285621701,1815866353,1269235504
100000000,dynamic,100,16,16,10,9.324567,5761455,,,9.324561,9.324134,9.324240,0.000034,23285621701,1677968494,1373126643
100000000,dynamic,1000,16,16,1,8.335144,5761455,,,8.332155,8.328454,8.331246,0.000109,23285621701,1855778613,1281088395
100000000,dynamic,1000,16,16,2,8.325005,5761455,,,8.324999,8.323663,8.324338,0.000079,23285621701,1828005043,1273791095
100000000,dynamic,1000,16,16,3,8.266967,5761455,,,8.266961,8.265325,8.266101,0.000104,23285621701,1993382102,1262638076
100000000,dynamic,1000,16,16,4,8.275539,5761455,,,8.275534,8.273544,8.274546,0.000119,23285621701,1778860594,1290667456
100000000,dynamic,1000,16,16,5,8.893173,5761455,,,8.893167,8.891551,8.892225,0.000106,23285621701,1814392135,1321120060
100000000,dynamic,1000,16,16,6,9.551665,5761455,,,9.551660,9.549906,9.550543,0.000117,23285621701,1655807954,1385525670
100000000,dynamic,1000,16,16,7,9.703811,5761455,,,9.703805,9.701460,9.702707,0.000113,23285621701,1645447474,1393040081
100000000,dynamic,1000,16,16,8,8.874674,5761455,,,8.874668,8.873260,8.873990,0.000076,23285621701,1813082870,1317628963
100000000,dynamic,1000,16,16,9,8.666772,5761455,,,8.666765,8.664281,8.665264,0.000173,23285621701,1805024782,1304904056
100000000,dynamic,1000,16,16,10,9.071508,5761455,,,9.071033,9.069376,9.070238,0.000088,23285621701,1767455737,1350652268
100000000,dynamic,10000,16,16,1,8.356951,5761455,,,8.348941,8.324861,8.338456,0.001257,23285621701,1847948957,1264425145
100000000,dynamic,10000,16,16,2,8.283432,5761455,,,8.283372,8.268320,8.276748,0.000800,23285621701,2003821065,1264749257
100000000,dynamic,10000,16,16,3,8.275422,5761455,,,8.275345,8.256430,8.266387,0.001084,23285621701,1780886099,1263294379
100000000,dynamic,10000,16,16,4,8.306466,5761455,,,8.306373,8.291770,8.298660,0.000929,23285621701,1761536696,1265702658
100000000,dynamic,10000,16,16,5,9.194396,5761455,,,9.194339,9.176260,9.186973,0.000802,23285621701,1776281113,1338965407
100000000,dynamic,10000,16,16,6,8.570275,5761455,,,8.570209,8.556915,8.564260,0.000695,23285621701,1838851901,1291595776
100000000,dynamic,10000,16,16,7,9.150234,5761455,,,9.149993,9.136574,9.143609,0.000698,23285621701,1787696770,1348542074
100000000,dynamic,10000,16,16,8,9.398295,5761455,,,9.398238,9.384357,9.389442,0.000937,23285621701,1728254707,1361152403
100000000,dynamic,10000,16,16,9,9.021658,5761455,,,9.021582,9.004709,9.013388,0.000909,23285621701,1730817656,1340457018
100000000,dynamic,10000,16,16,10,9.090766,5761455,,,9.090571,9.071587,9.081870,0.000958,23285621701,1763391565,1351245195
100000000,guided,1,16,16,1,8.722878,5761455,,,8.720817,8.716264,8.720050,0.000088,23285621701,1833618866,1307952893
100000000,guided,1,16,16,2,8.856866,5761455,,,8.856200,8.852511,8.852756,0.000389,23285621701,1804389856,1317481995
100000000,guided,1,16,16,3,8.862586,5761455,,,8.862132,8.859559,8.861553,0.000065,23285621701,1853726088,1314294146
100000000,guided,1,16,16,4,9.129571,5761455,,,9.129298,9.127433,9.128090,0.000132,23285621701,1705389747,1347422799
100000000,guided,1,16,16,5,8.903899,5761455,,,8.903550,8.903303,8.903498,0.000006,23285621701,1763605611,1312885846
100000000,guided,1,16,16,6,8.861119,5761455,,,8.861112,8.861065,8.861077,0.000004,23285621701,1810749352,1330562466
100000000,guided,1,16,16,7,8.323923,5761455,,,8.323916,8.323864,8.323878,0.000005,23285621701,1937492614,1292561440
100000000,guided,1,16,16,8,8.266597,5761455,,,8.266591,8.266565,8.266576,0.000002,23285621701,1829066644,1264299879
100000000,guided,1,16,16,9,8.302048,5761455,,,8.302042,8.300433,8.300638,0.000169,23285621701,1873253992,1282283731
100000000,guided,1,16,16,10,8.270487,5761455,,,8.270481,8.270426,8.270442,0.000005,23285621701,1821008718,1267276495
100000000,guided,100,16,16,1,8.842647,5761455,,,8.838756,8.833704,8.837590,0.000132,23285621701,1681582162,1318370771
100000000,guided,100,16,16,2,9.208082,5761455,,,9.207746,9.198987,9.199807,0.000863,23285621701,1722052481,1351306837
100000000,guided,100,16,16,3,8.877748,5761455,,,8.873894,8.869545,8.873270,0.000070,23285621701,1792402330,1309907305
100000000,guided,100,16,16,4,8.967835,5761455,,,8.967830,8.967685,8.967747,0.000009,23285621701,1785464898,1337629669
100000000,guided,100,16,16,5,8.763256,5761455,,,8.763250,8.759472,8.759885,0.000384,23285621701,1747359845,1321956169
100000000,guided,100,16,16,6,8.434729,5761455,,,8.433528,8.431005,8.433286,0.000029,23285621701,1867158103,1265379188
100000000,guided,100,16,16,7,9.125614,5761455,,,9.125601,9.124182,9.124352,0.000137,23285621701,1756697895,1350111691
100000000,guided,100,16,16,8,9.555595,5761455,,,9.554781,9.546848,9.549810,0.000521,23285621701,1614428590,1399165630
100000000,guided,100,16,16,9,9.198631,5761455,,,9.193470,9.193275,9.193355,0.000013,23285621701,1696051258,1351837150
100000000,guided,100,16,16,10,8.602159,5761455,,,8.602153,8.599955,8.600173,0.000230,23285621701,1888925379,1293000294
100000000,guided,1000,16,16,1,9.044789,5761455,,,9.043339,9.036060,9.040238,0.000343,23285621701,1761199699,1343822188
100000000,guided,1000,16,16,2,8.976109,5761455,,,8.975448,8.970091,8.974249,0.000134,23285621701,1751131838,1335729321
100000000,guided,1000,16,16,3,8.837631,5761455,,,8.836952,8.835075,8.835638,0.000149,23285621701,1647888294,1322689372
100000000,guided,1000,16,16,4,8.665321,5761455,,,8.663550,8.662335,8.663013,0.000062,23285621701,1821268373,1308027206
100000000,guided,1000,16,16,5,9.173601,5761455,,,9.173070,9.171782,9.172487,0.000063,23285621701,1713538454,1352779671
100000000,guided,1000,16,16,6,8.682239,5761455,,,8.682233,8.680443,8.681503,0.000084,23285621701,1701538704,1304250041
100000000,guided,1000,16,16,7,9.233860,5761455,,,9.232816,9.231584,9.232072,0.000081,23285621701,1687388716,1363260521
100000000,guided,1000,16,16,8,8.546746,5761455,,,8.545285,8.541038,8.541764,0.000412,23285621701,1785582754,1286921095
100000000,guided,1000,16,16,9,9.074680,5761455,,,9.074266,9.062259,9.065856,0.000928,23285621701,1802413020,1330462529
100000000,guided,1000,16,16,10,9.462913,5761455,,,9.455748,9.447302,9.454425,0.000140,23285621701,1618000429,1382168028
100000000,guided,10000,16,16,1,8.800388,5761455,,,8.794496,8.777053,8.784346,0.001155,23285621701,1734547049,1328432941
100000000,guided,10000,16,16,2,8.402524,5761455,,,8.402088,8.386008,8.394910,0.000855,23285621701,1883455625,1263201255
100000000,guided,10000,16,16,3,8.363973,5761455,,,8.363965,8.344347,8.357585,0.000763,23285621701,1810538829,1318393996
100000000,guided,10000,16,16,4,8.267467,5761455,,,8.267412,8.255478,8.261451,0.000722,23285621701,1844262063,1261863948
100000000,guided,10000,16,16,5,8.594763,5761455,,,8.594756,8.581416,8.591431,0.000387,23285621701,1854428765,1294231192
100000000,guided,10000,16,16,6,9.134809,5761455,,,9.134695,9.121523,9.127017,0.000841,23285621701,1767345005,1344032026
100000000,guided,10000,16,16,7,8.861769,5761455,,,8.861762,8.846212,8.852095,0.001092,23285621701,1761990398,1323937254
100000000,guided,10000,16,16,8,8.843349,5761455,,,8.842895,8.822336,8.829698,0.001495,23285621701,1804568327,1326828215
100000000,guided,10000,16,16,9,8.353428,5761455,,,8.353337,8.333968,8.342311,0.001322,23285621701,1770682387,1299996610
100000000,guided,10000,16,16,10,8.295852,5761455,,,8.295814,8.284932,8.290735,0.000613,23285621701,1747096840,1265717914
100000000,static,1,16,16,1,12.495451,5761455,,,12.484056,0.072712,6.106937,1.044242,23285621701,2905214803,6250000
100000000,static,1,16,16,2,12.443226,5761455,,,12.442545,0.062814,6.162126,1.019197,23285621701,2905214803,6250000
100000000,static,1,16,16,3,12.018536,5761455,,,12.013596,0.053170,5.933823,1.024596,23285621701,2905214803,6250000
100000000,static,1,16,16,4,12.355690,5761455,,,12.349016,0.057114,6.088942,1.028105,23285621701,2905214803,6250000
100000000,static,1,16,16,5,12.579205,5761455,,,12.572022,0.059765,6.201861,1.027137,23285621701,2905214803,6250000
100000000,static,1,16,16,6,12.551859,5761455,,,12.544971,0.063992,6.143827,1.041882,23285621701,2905214803,6250000
100000000,static,1,16,16,7,12.467079,5761455,,,12.461437,0.054420,6.139305,1.029780,23285621701,2905214803,6250000
100000000,static,1,16,16,8,12.256830,5761455,,,12.248909,0.058271,5.985479,1.046438,23285621701,2905214803,6250000
100000000,static,1,16,16,9,12.078405,5761455,,,12.070344,0.054408,5.916141,1.040239,23285621701,2905214803,6250000
100000000,static,1,16,16,10,12.095914,5761455,,,12.087401,0.056174,5.939987,1.034920,23285621701,2905214803,6250000
100000000,static,100,16,16,1,8.796910,5761455,,,8.792485,6.750670,8.188559,0.073752,23285621701,1456261544,1454020359
100000000,static,100,16,16,2,8.828339,5761455,,,8.823438,6.535197,8.089290,0.090756,23285621701,1456261544,1454020359
100000000,static,100,16,16,3,8.644196,5761455,,,8.636773,6.407779,8.034579,0.074950,23285621701,1456261544,1454020359
100000000,static,100,16,16,4,8.765081,5761455,,,8.760521,6.270096,8.087321,0.083241,23285621701,1456261544,1454020359
100000000,static,100,16,16,5,8.641858,5761455,,,8.635556,6.999512,8.087904,0.067712,23285621701,1456261544,1454020359
100000000,static,100,16,16,6,8.751156,5761455,,,8.737719,6.300657,8.034604,0.087511,23285621701,1456261544,1454020359
100000000,static,100,16,16,7,9.021703,5761455,,,9.021107,6.898869,8.409940,0.072672,23285621701,1456261544,1454020359
100000000,static,100,16,16,8,9.575265,5761455,,,9.567295,8.164910,9.185604,0.041553,23285621701,1456261544,1454020359
100000000,static,100,16,16,9,9.211025,5761455,,,9.209044,6.723641,8.518630,0.081048,23285621701,1456261544,1454020359
100000000,static,100,16,16,10,9.232133,5761455,,,9.226577,7.329534,8.660739,0.065334,23285621701,1456261544,1454020359
100000000,static,1000,16,16,1,8.867590,5761455,,,8.860017,7.317459,8.340673,0.062266,23285621701,1456934585,1453805930
100000000,static,1000,16,16,2,9.308385,5761455,,,9.299484,7.702869,8.804997,0.056160,23285621701,1456934585,1453805930
100000000,static,1000,16,16,3,8.855097,5761455,,,8.848024,6.004322,8.112700,0.090639,23285621701,1456934585,1453805930
100000000,static,1000,16,16,4,9.272657,5761455,,,9.264267,7.767505,8.820306,0.050334,23285621701,1456934585,1453805930
100000000,static,1000,16,16,5,9.237791,5761455,,,9.236824,7.883834,8.751418,0.055466,23285621701,1456934585,1453805930
100000000,static,1000,16,16,6,8.880325,5761455,,,8.875934,7.215318,8.298214,0.069620,23285621701,1456934585,1453805930
100000000,static,1000,16,16,7,8.865756,5761455,,,8.859732,7.016621,8.258951,0.072743,23285621701,1456934585,1453805930
100000000,static,1000,16,16,8,9.981922,5761455,,,9.976034,9.186251,9.732757,0.024996,23285621701,1456934585,1453805930
100000000,static,1000,16,16,9,10.016487,5761455,,,10.007624,8.987309,9.643510,0.037757,23285621701,1456934585,1453805930
100000000,static,1000,16,16,10,10.322161,5761455,,,10.321011,9.178009,9.999500,0.032153,23285621701,1456934585,1453805930
100000000,static,10000,16,16,1,10.427372,5761455,,,10.425452,9.418633,10.075805,0.034702,23285621701,1458561354,1451924941
100000000,static,10000,16,16,2,10.632878,5761455,,,10.625948,9.820656,10.381512,0.023545,23285621701,1458561354,1451924941
100000000,static,10000,16,16,3,10.553581,5761455,,,10.550362,8.885620,10.143886,0.040071,23285621701,1458561354,1451924941
100000000,static,10000,16,16,4,10.117636,5761455,,,10.113478,8.220418,9.557137,0.058212,23285621701,1458561354,1451924941
100000000,static,10000,16,16,5,10.850277,5761455,,,10.842435,9.392949,10.467686,0.035801,23285621701,1458561354,1451924941
100000000,static,10000,16,16,6,9.700818,5761455,,,9.699555,8.641737,9.426573,0.028959,23285621701,1458561354,1451924941
100000000,static,10000,16,16,7,9.542996,5761455,,,9.539889,8.333928,9.197519,0.037224,23285621701,1458561354,1451924941
100000000,static,10000,16,16,8,9.629218,5761455,,,9.626012,8.408962,9.275731,0.037763,23285621701,1458561354,1451924941
100000000,static,10000,16,16,9,8.835780,5761455,,,8.829360,6.409087,8.199724,0.076787,23285621701,1458561354,1451924941
100000000,static,10000,16,16,10,9.136168,5761455,,,9.132298,7.266226,8.662629,0.054218,23285621701,1458561354,1451924941
